card_id,set_codigo,era,numero,nome,image_url,label
sv07-001,SCR,SV,001,Venusaur ex,https://assets.tcgdex.net/en/sv/sv07/001/high.png,0
sv07-002,SCR,SV,002,Ledyba,https://assets.tcgdex.net/en/sv/sv07/002/high.png,0
sv07-003,SCR,SV,003,Ledian,https://assets.tcgdex.net/en/sv/sv07/003/high.png,0
sv07-004,SCR,SV,004,Celebi,https://assets.tcgdex.net/en/sv/sv07/004/high.png,0
sv07-005,SCR,SV,005,Lileep,https://assets.tcgdex.net/en/sv/sv07/005/high.png,0
sv07-006,SCR,SV,006,Cradily,https://assets.tcgdex.net/en/sv/sv07/006/high.png,0
sv07-007,SCR,SV,007,Carnivine,https://assets.tcgdex.net/en/sv/sv07/007/high.png,0
sv07-008,SCR,SV,008,Mow Rotom,https://assets.tcgdex.net/en/sv/sv07/008/high.png,0
sv07-009,SCR,SV,009,Grubbin,https://assets.tcgdex.net/en/sv/sv07/009/high.png,0
sv07-010,SCR,SV,010,Gossifleur,https://assets.tcgdex.net/en/sv/sv07/010/high.png,0
sv07-011,SCR,SV,011,Eldegoss,https://assets.tcgdex.net/en/sv/sv07/011/high.png,0
sv07-012,SCR,SV,012,Applin,https://assets.tcgdex.net/en/sv/sv07/012/high.png,0
sv07-013,SCR,SV,013,Dipplin,https://assets.tcgdex.net/en/sv/sv07/013/high.png,0
sv07-014,SCR,SV,014,Hydrapple ex,https://assets.tcgdex.net/en/sv/sv07/014/high.png,0
sv07-015,SCR,SV,015,Nymble,https://assets.tcgdex.net/en/sv/sv07/015/high.png,0
sv07-016,SCR,SV,016,Lokix,https://assets.tcgdex.net/en/sv/sv07/016/high.png,0
sv07-017,SCR,SV,017,Toedscool,https://assets.tcgdex.net/en/sv/sv07/017/high.png,0
sv07-018,SCR,SV,018,Toedscruel,https://assets.tcgdex.net/en/sv/sv07/018/high.png,0
sv07-019,SCR,SV,019,Ponyta,https://assets.tcgdex.net/en/sv/sv07/019/high.png,0
sv07-020,SCR,SV,020,Rapidash,https://assets.tcgdex.net/en/sv/sv07/020/high.png,0
sv07-021,SCR,SV,021,Pansear,https://assets.tcgdex.net/en/sv/sv07/021/high.png,0
sv07-022,SCR,SV,022,Reshiram,https://assets.tcgdex.net/en/sv/sv07/022/high.png,0
sv07-023,SCR,SV,023,Salandit,https://assets.tcgdex.net/en/sv/sv07/023/high.png,0
sv07-024,SCR,SV,024,Salazzle,https://assets.tcgdex.net/en/sv/sv07/024/high.png,0
sv07-025,SCR,SV,025,Turtonator,https://assets.tcgdex.net/en/sv/sv07/025/high.png,0
sv07-026,SCR,SV,026,Scorbunny,https://assets.tcgdex.net/en/sv/sv07/026/high.png,0
sv07-027,SCR,SV,027,Raboot,https://assets.tcgdex.net/en/sv/sv07/027/high.png,0
sv07-028,SCR,SV,028,Cinderace ex,https://assets.tcgdex.net/en/sv/sv07/028/high.png,0
sv07-029,SCR,SV,029,Charcadet,https://assets.tcgdex.net/en/sv/sv07/029/high.png,0
sv07-030,SCR,SV,030,Blastoise ex,https://assets.tcgdex.net/en/sv/sv07/030/high.png,0
sv07-031,SCR,SV,031,Lapras,https://assets.tcgdex.net/en/sv/sv07/031/high.png,0
sv07-032,SCR,SV,032,Lapras ex,https://assets.tcgdex.net/en/sv/sv07/032/high.png,0
sv07-033,SCR,SV,033,Marill,https://assets.tcgdex.net/en/sv/sv07/033/high.png,0
sv07-034,SCR,SV,034,Azumarill,https://assets.tcgdex.net/en/sv/sv07/034/high.png,0
sv07-035,SCR,SV,035,Finneon,https://assets.tcgdex.net/en/sv/sv07/035/high.png,0
sv07-036,SCR,SV,036,Lumineon,https://assets.tcgdex.net/en/sv/sv07/036/high.png,0
sv07-037,SCR,SV,037,Tirtouga,https://assets.tcgdex.net/en/sv/sv07/037/high.png,0
sv07-038,SCR,SV,038,Carracosta,https://assets.tcgdex.net/en/sv/sv07/038/high.png,0
sv07-039,SCR,SV,039,Froakie,https://assets.tcgdex.net/en/sv/sv07/039/high.png,0
sv07-040,SCR,SV,040,Frogadier,https://assets.tcgdex.net/en/sv/sv07/040/high.png,0
sv07-041,SCR,SV,041,Greninja ex,https://assets.tcgdex.net/en/sv/sv07/041/high.png,0
sv07-042,SCR,SV,042,Crabominable,https://assets.tcgdex.net/en/sv/sv07/042/high.png,0
sv07-043,SCR,SV,043,Chewtle,https://assets.tcgdex.net/en/sv/sv07/043/high.png,0
sv07-044,SCR,SV,044,Drednaw,https://assets.tcgdex.net/en/sv/sv07/044/high.png,0
sv07-045,SCR,SV,045,Veluza,https://assets.tcgdex.net/en/sv/sv07/045/high.png,0
sv07-046,SCR,SV,046,Electabuzz,https://assets.tcgdex.net/en/sv/sv07/046/high.png,0
sv07-047,SCR,SV,047,Electivire,https://assets.tcgdex.net/en/sv/sv07/047/high.png,0
sv07-048,SCR,SV,048,Chinchou,https://assets.tcgdex.net/en/sv/sv07/048/high.png,0
sv07-049,SCR,SV,049,Lanturn,https://assets.tcgdex.net/en/sv/sv07/049/high.png,0
sv07-050,SCR,SV,050,Joltik,https://assets.tcgdex.net/en/sv/sv07/050/high.png,0
sv07-051,SCR,SV,051,Galvantula ex,https://assets.tcgdex.net/en/sv/sv07/051/high.png,0
sv07-052,SCR,SV,052,Charjabug,https://assets.tcgdex.net/en/sv/sv07/052/high.png,0
sv07-053,SCR,SV,053,Vikavolt,https://assets.tcgdex.net/en/sv/sv07/053/high.png,0
sv07-054,SCR,SV,054,Togedemaru,https://assets.tcgdex.net/en/sv/sv07/054/high.png,0
sv07-055,SCR,SV,055,Zeraora,https://assets.tcgdex.net/en/sv/sv07/055/high.png,0
sv07-056,SCR,SV,056,Pawmi,https://assets.tcgdex.net/en/sv/sv07/056/high.png,0
sv07-057,SCR,SV,057,Slowpoke,https://assets.tcgdex.net/en/sv/sv07/057/high.png,0
sv07-058,SCR,SV,058,Slowking,https://assets.tcgdex.net/en/sv/sv07/058/high.png,0
sv07-059,SCR,SV,059,Mewtwo,https://assets.tcgdex.net/en/sv/sv07/059/high.png,0
sv07-060,SCR,SV,060,Drifloon,https://assets.tcgdex.net/en/sv/sv07/060/high.png,0
sv07-061,SCR,SV,061,Drifblim,https://assets.tcgdex.net/en/sv/sv07/061/high.png,0
sv07-062,SCR,SV,062,Yamask,https://assets.tcgdex.net/en/sv/sv07/062/high.png,0
sv07-063,SCR,SV,063,Comfey,https://assets.tcgdex.net/en/sv/sv07/063/high.png,0
sv07-064,SCR,SV,064,Milcery,https://assets.tcgdex.net/en/sv/sv07/064/high.png,0
sv07-065,SCR,SV,065,Alcremie,https://assets.tcgdex.net/en/sv/sv07/065/high.png,0
sv07-066,SCR,SV,066,Fidough,https://assets.tcgdex.net/en/sv/sv07/066/high.png,0
sv07-067,SCR,SV,067,Dachsbun ex,https://assets.tcgdex.net/en/sv/sv07/067/high.png,0
sv07-068,SCR,SV,068,Flittle,https://assets.tcgdex.net/en/sv/sv07/068/high.png,0
sv07-069,SCR,SV,069,Espathra,https://assets.tcgdex.net/en/sv/sv07/069/high.png,0
sv07-070,SCR,SV,070,Greavard,https://assets.tcgdex.net/en/sv/sv07/070/high.png,0
sv07-071,SCR,SV,071,Iron Boulder,https://assets.tcgdex.net/en/sv/sv07/071/high.png,0
sv07-072,SCR,SV,072,Cubone,https://assets.tcgdex.net/en/sv/sv07/072/high.png,0
sv07-073,SCR,SV,073,Marowak,https://assets.tcgdex.net/en/sv/sv07/073/high.png,0
sv07-074,SCR,SV,074,Rhyhorn,https://assets.tcgdex.net/en/sv/sv07/074/high.png,0
sv07-075,SCR,SV,075,Rhydon,https://assets.tcgdex.net/en/sv/sv07/075/high.png,0
sv07-076,SCR,SV,076,Rhyperior,https://assets.tcgdex.net/en/sv/sv07/076/high.png,0
sv07-077,SCR,SV,077,Meditite,https://assets.tcgdex.net/en/sv/sv07/077/high.png,0
sv07-078,SCR,SV,078,Meditite,https://assets.tcgdex.net/en/sv/sv07/078/high.png,0
sv07-079,SCR,SV,079,Medicham,https://assets.tcgdex.net/en/sv/sv07/079/high.png,0
sv07-080,SCR,SV,080,Medicham ex,https://assets.tcgdex.net/en/sv/sv07/080/high.png,0
sv07-081,SCR,SV,081,Riolu,https://assets.tcgdex.net/en/sv/sv07/081/high.png,0
sv07-082,SCR,SV,082,Lucario ex,https://assets.tcgdex.net/en/sv/sv07/082/high.png,0
sv07-083,SCR,SV,083,Mienfoo,https://assets.tcgdex.net/en/sv/sv07/083/high.png,0
sv07-084,SCR,SV,084,Mienshao,https://assets.tcgdex.net/en/sv/sv07/084/high.png,0
sv07-085,SCR,SV,085,Pancham,https://assets.tcgdex.net/en/sv/sv07/085/high.png,0
sv07-086,SCR,SV,086,Diancie,https://assets.tcgdex.net/en/sv/sv07/086/high.png,0
sv07-087,SCR,SV,087,Crabrawler,https://assets.tcgdex.net/en/sv/sv07/087/high.png,0
sv07-088,SCR,SV,088,Falinks,https://assets.tcgdex.net/en/sv/sv07/088/high.png,0
sv07-089,SCR,SV,089,Garganacl ex,https://assets.tcgdex.net/en/sv/sv07/089/high.png,0
sv07-090,SCR,SV,090,Koraidon,https://assets.tcgdex.net/en/sv/sv07/090/high.png,0
sv07-091,SCR,SV,091,Gulpin,https://assets.tcgdex.net/en/sv/sv07/091/high.png,0
sv07-092,SCR,SV,092,Swalot,https://assets.tcgdex.net/en/sv/sv07/092/high.png,0
sv07-093,SCR,SV,093,Pangoro,https://assets.tcgdex.net/en/sv/sv07/093/high.png,0
sv07-094,SCR,SV,094,Impidimp,https://assets.tcgdex.net/en/sv/sv07/094/high.png,0
sv07-095,SCR,SV,095,Morgrem,https://assets.tcgdex.net/en/sv/sv07/095/high.png,0
sv07-096,SCR,SV,096,Grimmsnarl,https://assets.tcgdex.net/en/sv/sv07/096/high.png,0
sv07-097,SCR,SV,097,Bombirdier,https://assets.tcgdex.net/en/sv/sv07/097/high.png,0
sv07-098,SCR,SV,098,Jirachi,https://assets.tcgdex.net/en/sv/sv07/098/high.png,0
sv07-099,SCR,SV,099,Klink,https://assets.tcgdex.net/en/sv/sv07/099/high.png,0
sv07-100,SCR,SV,100,Klang,https://assets.tcgdex.net/en/sv/sv07/100/high.png,0
sv07-101,SCR,SV,101,Klinklang,https://assets.tcgdex.net/en/sv/sv07/101/high.png,0
sv07-102,SCR,SV,102,Meltan,https://assets.tcgdex.net/en/sv/sv07/102/high.png,0
sv07-103,SCR,SV,103,Meltan,https://assets.tcgdex.net/en/sv/sv07/103/high.png,0
sv07-104,SCR,SV,104,Melmetal,https://assets.tcgdex.net/en/sv/sv07/104/high.png,0
sv07-105,SCR,SV,105,Melmetal ex,https://assets.tcgdex.net/en/sv/sv07/105/high.png,0
sv07-106,SCR,SV,106,Duraludon,https://assets.tcgdex.net/en/sv/sv07/106/high.png,0
sv07-107,SCR,SV,107,Archaludon,https://assets.tcgdex.net/en/sv/sv07/107/high.png,0
sv07-108,SCR,SV,108,Varoom,https://assets.tcgdex.net/en/sv/sv07/108/high.png,0
sv07-109,SCR,SV,109,Revavroom,https://assets.tcgdex.net/en/sv/sv07/109/high.png,0
sv07-110,SCR,SV,110,Orthworm ex,https://assets.tcgdex.net/en/sv/sv07/110/high.png,0
sv07-111,SCR,SV,111,Raging Bolt,https://assets.tcgdex.net/en/sv/sv07/111/high.png,0
sv07-112,SCR,SV,112,Tauros,https://assets.tcgdex.net/en/sv/sv07/112/high.png,0
sv07-113,SCR,SV,113,Eevee,https://assets.tcgdex.net/en/sv/sv07/113/high.png,0
sv07-114,SCR,SV,114,Hoothoot,https://assets.tcgdex.net/en/sv/sv07/114/high.png,0
sv07-115,SCR,SV,115,Noctowl,https://assets.tcgdex.net/en/sv/sv07/115/high.png,0
sv07-116,SCR,SV,116,Glameow,https://assets.tcgdex.net/en/sv/sv07/116/high.png,0
sv07-117,SCR,SV,117,Purugly,https://assets.tcgdex.net/en/sv/sv07/117/high.png,0
sv07-118,SCR,SV,118,Fan Rotom,https://assets.tcgdex.net/en/sv/sv07/118/high.png,0
sv07-119,SCR,SV,119,Bouffalant,https://assets.tcgdex.net/en/sv/sv07/119/high.png,0
sv07-120,SCR,SV,120,Tornadus,https://assets.tcgdex.net/en/sv/sv07/120/high.png,0
sv07-121,SCR,SV,121,Fletchling,https://assets.tcgdex.net/en/sv/sv07/121/high.png,0
sv07-122,SCR,SV,122,Fletchinder,https://assets.tcgdex.net/en/sv/sv07/122/high.png,0
sv07-123,SCR,SV,123,Talonflame,https://assets.tcgdex.net/en/sv/sv07/123/high.png,0
sv07-124,SCR,SV,124,Wooloo,https://assets.tcgdex.net/en/sv/sv07/124/high.png,0
sv07-125,SCR,SV,125,Dubwool,https://assets.tcgdex.net/en/sv/sv07/125/high.png,0
sv07-126,SCR,SV,126,Lechonk,https://assets.tcgdex.net/en/sv/sv07/126/high.png,0
sv07-127,SCR,SV,127,Cyclizar,https://assets.tcgdex.net/en/sv/sv07/127/high.png,0
sv07-128,SCR,SV,128,Terapagos ex,https://assets.tcgdex.net/en/sv/sv07/128/high.png,0
sv07-143,SCR,SV,143,Bulbasaur,https://assets.tcgdex.net/en/sv/sv07/143/high.png,0
sv07-144,SCR,SV,144,Ledian,https://assets.tcgdex.net/en/sv/sv07/144/high.png,0
sv07-145,SCR,SV,145,Lileep,https://assets.tcgdex.net/en/sv/sv07/145/high.png,0
sv07-146,SCR,SV,146,Turtonator,https://assets.tcgdex.net/en/sv/sv07/146/high.png,0
sv07-147,SCR,SV,147,Raboot,https://assets.tcgdex.net/en/sv/sv07/147/high.png,0
sv07-148,SCR,SV,148,Squirtle,https://assets.tcgdex.net/en/sv/sv07/148/high.png,0
sv07-149,SCR,SV,149,Crabominable,https://assets.tcgdex.net/en/sv/sv07/149/high.png,0
sv07-150,SCR,SV,150,Joltik,https://assets.tcgdex.net/en/sv/sv07/150/high.png,0
sv07-151,SCR,SV,151,Zeraora,https://assets.tcgdex.net/en/sv/sv07/151/high.png,0
sv07-152,SCR,SV,152,Milcery,https://assets.tcgdex.net/en/sv/sv07/152/high.png,0
sv07-153,SCR,SV,153,Meditite,https://assets.tcgdex.net/en/sv/sv07/153/high.png,0
sv07-154,SCR,SV,154,Gulpin,https://assets.tcgdex.net/en/sv/sv07/154/high.png,0
sv07-155,SCR,SV,155,Archaludon,https://assets.tcgdex.net/en/sv/sv07/155/high.png,0
sv07-156,SCR,SV,156,Hydrapple ex,https://assets.tcgdex.net/en/sv/sv07/156/high.png,0
sv07-157,SCR,SV,157,Cinderace ex,https://assets.tcgdex.net/en/sv/sv07/157/high.png,0
sv07-158,SCR,SV,158,Lapras ex,https://assets.tcgdex.net/en/sv/sv07/158/high.png,0
sv07-159,SCR,SV,159,Galvantula ex,https://assets.tcgdex.net/en/sv/sv07/159/high.png,0
sv07-160,SCR,SV,160,Dachsbun ex,https://assets.tcgdex.net/en/sv/sv07/160/high.png,0
sv07-161,SCR,SV,161,Medicham ex,https://assets.tcgdex.net/en/sv/sv07/161/high.png,0
sv07-162,SCR,SV,162,Orthworm ex,https://assets.tcgdex.net/en/sv/sv07/162/high.png,0
sv07-167,SCR,SV,167,Hydrapple ex,https://assets.tcgdex.net/en/sv/sv07/167/high.png,0
sv07-168,SCR,SV,168,Galvantula ex,https://assets.tcgdex.net/en/sv/sv07/168/high.png,0
sv07-169,SCR,SV,169,Dachsbun ex,https://assets.tcgdex.net/en/sv/sv07/169/high.png,0
sv07-170,SCR,SV,170,Terapagos ex,https://assets.tcgdex.net/en/sv/sv07/170/high.png,0
sv07-173,SCR,SV,173,Terapagos ex,https://assets.tcgdex.net/en/sv/sv07/173/high.png,0
sv05-001,TEF,SV,001,Scyther,https://assets.tcgdex.net/en/sv/sv05/001/high.png,0
sv05-002,TEF,SV,002,Pineco,https://assets.tcgdex.net/en/sv/sv05/002/high.png,0
sv05-003,TEF,SV,003,Seedot,https://assets.tcgdex.net/en/sv/sv05/003/high.png,0
sv05-004,TEF,SV,004,Nuzleaf,https://assets.tcgdex.net/en/sv/sv05/004/high.png,0
sv05-005,TEF,SV,005,Shiftry,https://assets.tcgdex.net/en/sv/sv05/005/high.png,0
sv05-006,TEF,SV,006,Shroomish,https://assets.tcgdex.net/en/sv/sv05/006/high.png,0
sv05-007,TEF,SV,007,Breloom,https://assets.tcgdex.net/en/sv/sv05/007/high.png,0
sv05-008,TEF,SV,008,Roselia,https://assets.tcgdex.net/en/sv/sv05/008/high.png,0
sv05-009,TEF,SV,009,Roserade,https://assets.tcgdex.net/en/sv/sv05/009/high.png,0
sv05-010,TEF,SV,010,Turtwig,https://assets.tcgdex.net/en/sv/sv05/010/high.png,0
sv05-011,TEF,SV,011,Grotle,https://assets.tcgdex.net/en/sv/sv05/011/high.png,0
sv05-012,TEF,SV,012,Torterra ex,https://assets.tcgdex.net/en/sv/sv05/012/high.png,0
sv05-013,TEF,SV,013,Shaymin,https://assets.tcgdex.net/en/sv/sv05/013/high.png,0
sv05-014,TEF,SV,014,Cottonee,https://assets.tcgdex.net/en/sv/sv05/014/high.png,0
sv05-015,TEF,SV,015,Whimsicott,https://assets.tcgdex.net/en/sv/sv05/015/high.png,0
sv05-016,TEF,SV,016,Deerling,https://assets.tcgdex.net/en/sv/sv05/016/high.png,0
sv05-017,TEF,SV,017,Sawsbuck,https://assets.tcgdex.net/en/sv/sv05/017/high.png,0
sv05-018,TEF,SV,018,Grubbin,https://assets.tcgdex.net/en/sv/sv05/018/high.png,0
sv05-019,TEF,SV,019,Dhelmise,https://assets.tcgdex.net/en/sv/sv05/019/high.png,0
sv05-020,TEF,SV,020,Bramblin,https://assets.tcgdex.net/en/sv/sv05/020/high.png,0
sv05-021,TEF,SV,021,Brambleghast,https://assets.tcgdex.net/en/sv/sv05/021/high.png,0
sv05-022,TEF,SV,022,Scovillain ex,https://assets.tcgdex.net/en/sv/sv05/022/high.png,0
sv05-023,TEF,SV,023,Rellor,https://assets.tcgdex.net/en/sv/sv05/023/high.png,0
sv05-024,TEF,SV,024,Rabsca,https://assets.tcgdex.net/en/sv/sv05/024/high.png,0
sv05-025,TEF,SV,025,Iron Leaves ex,https://assets.tcgdex.net/en/sv/sv05/025/high.png,0
sv05-026,TEF,SV,026,Ponyta,https://assets.tcgdex.net/en/sv/sv05/026/high.png,0
sv05-027,TEF,SV,027,Rapidash,https://assets.tcgdex.net/en/sv/sv05/027/high.png,0
sv05-028,TEF,SV,028,Slugma,https://assets.tcgdex.net/en/sv/sv05/028/high.png,0
sv05-029,TEF,SV,029,Magcargo,https://assets.tcgdex.net/en/sv/sv05/029/high.png,0
sv05-030,TEF,SV,030,Victini,https://assets.tcgdex.net/en/sv/sv05/030/high.png,0
sv05-031,TEF,SV,031,Heatmor,https://assets.tcgdex.net/en/sv/sv05/031/high.png,0
sv05-032,TEF,SV,032,Litten,https://assets.tcgdex.net/en/sv/sv05/032/high.png,0
sv05-033,TEF,SV,033,Torracat,https://assets.tcgdex.net/en/sv/sv05/033/high.png,0
sv05-034,TEF,SV,034,Incineroar ex,https://assets.tcgdex.net/en/sv/sv05/034/high.png,0
sv05-035,TEF,SV,035,Turtonator,https://assets.tcgdex.net/en/sv/sv05/035/high.png,0
sv05-036,TEF,SV,036,Sizzlipede,https://assets.tcgdex.net/en/sv/sv05/036/high.png,0
sv05-037,TEF,SV,037,Centiskorch,https://assets.tcgdex.net/en/sv/sv05/037/high.png,0
sv05-038,TEF,SV,038,Gouging Fire ex,https://assets.tcgdex.net/en/sv/sv05/038/high.png,0
sv05-039,TEF,SV,039,Totodile,https://assets.tcgdex.net/en/sv/sv05/039/high.png,0
sv05-040,TEF,SV,040,Croconaw,https://assets.tcgdex.net/en/sv/sv05/040/high.png,0
sv05-041,TEF,SV,041,Feraligatr,https://assets.tcgdex.net/en/sv/sv05/041/high.png,0
sv05-042,TEF,SV,042,Carvanha,https://assets.tcgdex.net/en/sv/sv05/042/high.png,0
sv05-043,TEF,SV,043,Sharpedo,https://assets.tcgdex.net/en/sv/sv05/043/high.png,0
sv05-044,TEF,SV,044,Keldeo,https://assets.tcgdex.net/en/sv/sv05/044/high.png,0
sv05-045,TEF,SV,045,Snom,https://assets.tcgdex.net/en/sv/sv05/045/high.png,0
sv05-046,TEF,SV,046,Frosmoth,https://assets.tcgdex.net/en/sv/sv05/046/high.png,0
sv05-047,TEF,SV,047,Wiglett,https://assets.tcgdex.net/en/sv/sv05/047/high.png,0
sv05-048,TEF,SV,048,Finizen,https://assets.tcgdex.net/en/sv/sv05/048/high.png,0
sv05-049,TEF,SV,049,Palafin,https://assets.tcgdex.net/en/sv/sv05/049/high.png,0
sv05-050,TEF,SV,050,Walking Wake ex,https://assets.tcgdex.net/en/sv/sv05/050/high.png,0
sv05-051,TEF,SV,051,Pikachu,https://assets.tcgdex.net/en/sv/sv05/051/high.png,0
sv05-052,TEF,SV,052,Raichu,https://assets.tcgdex.net/en/sv/sv05/052/high.png,0
sv05-053,TEF,SV,053,Electabuzz,https://assets.tcgdex.net/en/sv/sv05/053/high.png,0
sv05-054,TEF,SV,054,Electivire,https://assets.tcgdex.net/en/sv/sv05/054/high.png,0
sv05-055,TEF,SV,055,Charjabug,https://assets.tcgdex.net/en/sv/sv05/055/high.png,0
sv05-056,TEF,SV,056,Vikavolt,https://assets.tcgdex.net/en/sv/sv05/056/high.png,0
sv05-057,TEF,SV,057,Zeraora,https://assets.tcgdex.net/en/sv/sv05/057/high.png,0
sv05-058,TEF,SV,058,Yamper,https://assets.tcgdex.net/en/sv/sv05/058/high.png,0
sv05-059,TEF,SV,059,Boltund,https://assets.tcgdex.net/en/sv/sv05/059/high.png,0
sv05-060,TEF,SV,060,Wugtrio ex,https://assets.tcgdex.net/en/sv/sv05/060/high.png,0
sv05-061,TEF,SV,061,Iron Hands,https://assets.tcgdex.net/en/sv/sv05/061/high.png,0
sv05-062,TEF,SV,062,Iron Thorns,https://assets.tcgdex.net/en/sv/sv05/062/high.png,0
sv05-063,TEF,SV,063,Mr. Mime,https://assets.tcgdex.net/en/sv/sv05/063/high.png,0
sv05-064,TEF,SV,064,Marill,https://assets.tcgdex.net/en/sv/sv05/064/high.png,0
sv05-065,TEF,SV,065,Azumarill,https://assets.tcgdex.net/en/sv/sv05/065/high.png,0
sv05-066,TEF,SV,066,Girafarig,https://assets.tcgdex.net/en/sv/sv05/066/high.png,0
sv05-067,TEF,SV,067,Latias,https://assets.tcgdex.net/en/sv/sv05/067/high.png,0
sv05-068,TEF,SV,068,Bronzor,https://assets.tcgdex.net/en/sv/sv05/068/high.png,0
sv05-069,TEF,SV,069,Bronzong,https://assets.tcgdex.net/en/sv/sv05/069/high.png,0
sv05-070,TEF,SV,070,Solosis,https://assets.tcgdex.net/en/sv/sv05/070/high.png,0
sv05-071,TEF,SV,071,Duosion,https://assets.tcgdex.net/en/sv/sv05/071/high.png,0
sv05-072,TEF,SV,072,Reuniclus,https://assets.tcgdex.net/en/sv/sv05/072/high.png,0
sv05-073,TEF,SV,073,Elgyem,https://assets.tcgdex.net/en/sv/sv05/073/high.png,0
sv05-074,TEF,SV,074,Beheeyem,https://assets.tcgdex.net/en/sv/sv05/074/high.png,0
sv05-075,TEF,SV,075,Cutiefly,https://assets.tcgdex.net/en/sv/sv05/075/high.png,0
sv05-076,TEF,SV,076,Ribombee,https://assets.tcgdex.net/en/sv/sv05/076/high.png,0
sv05-077,TEF,SV,077,Scream Tail,https://assets.tcgdex.net/en/sv/sv05/077/high.png,0
sv05-078,TEF,SV,078,Flutter Mane,https://assets.tcgdex.net/en/sv/sv05/078/high.png,0
sv05-079,TEF,SV,079,Iron Valiant,https://assets.tcgdex.net/en/sv/sv05/079/high.png,0
sv05-080,TEF,SV,080,Iron Valiant,https://assets.tcgdex.net/en/sv/sv05/080/high.png,0
sv05-081,TEF,SV,081,Iron Crown ex,https://assets.tcgdex.net/en/sv/sv05/081/high.png,0
sv05-082,TEF,SV,082,Meditite,https://assets.tcgdex.net/en/sv/sv05/082/high.png,0
sv05-083,TEF,SV,083,Medicham,https://assets.tcgdex.net/en/sv/sv05/083/high.png,0
sv05-084,TEF,SV,084,Relicanth,https://assets.tcgdex.net/en/sv/sv05/084/high.png,0
sv05-085,TEF,SV,085,Drilbur,https://assets.tcgdex.net/en/sv/sv05/085/high.png,0
sv05-086,TEF,SV,086,Excadrill,https://assets.tcgdex.net/en/sv/sv05/086/high.png,0
sv05-087,TEF,SV,087,Golett,https://assets.tcgdex.net/en/sv/sv05/087/high.png,0
sv05-088,TEF,SV,088,Golurk,https://assets.tcgdex.net/en/sv/sv05/088/high.png,0
sv05-089,TEF,SV,089,Rockruff,https://assets.tcgdex.net/en/sv/sv05/089/high.png,0
sv05-090,TEF,SV,090,Lycanroc,https://assets.tcgdex.net/en/sv/sv05/090/high.png,0
sv05-091,TEF,SV,091,Mudbray,https://assets.tcgdex.net/en/sv/sv05/091/high.png,0
sv05-092,TEF,SV,092,Mudsdale,https://assets.tcgdex.net/en/sv/sv05/092/high.png,0
sv05-093,TEF,SV,093,Rolycoly,https://assets.tcgdex.net/en/sv/sv05/093/high.png,0
sv05-094,TEF,SV,094,Carkol,https://assets.tcgdex.net/en/sv/sv05/094/high.png,0
sv05-095,TEF,SV,095,Coalossal,https://assets.tcgdex.net/en/sv/sv05/095/high.png,0
sv05-096,TEF,SV,096,Great Tusk,https://assets.tcgdex.net/en/sv/sv05/096/high.png,0
sv05-097,TEF,SV,097,Great Tusk,https://assets.tcgdex.net/en/sv/sv05/097/high.png,0
sv05-098,TEF,SV,098,Sandy Shocks,https://assets.tcgdex.net/en/sv/sv05/098/high.png,0
sv05-099,TEF,SV,099,Iron Boulder ex,https://assets.tcgdex.net/en/sv/sv05/099/high.png,0
sv05-100,TEF,SV,100,Ekans,https://assets.tcgdex.net/en/sv/sv05/100/high.png,0
sv05-101,TEF,SV,101,Arbok,https://assets.tcgdex.net/en/sv/sv05/101/high.png,0
sv05-102,TEF,SV,102,Gastly,https://assets.tcgdex.net/en/sv/sv05/102/high.png,0
sv05-103,TEF,SV,103,Haunter,https://assets.tcgdex.net/en/sv/sv05/103/high.png,0
sv05-104,TEF,SV,104,Gengar ex,https://assets.tcgdex.net/en/sv/sv05/104/high.png,0
sv05-105,TEF,SV,105,Poochyena,https://assets.tcgdex.net/en/sv/sv05/105/high.png,0
sv05-106,TEF,SV,106,Mightyena,https://assets.tcgdex.net/en/sv/sv05/106/high.png,0
sv05-107,TEF,SV,107,Sableye,https://assets.tcgdex.net/en/sv/sv05/107/high.png,0
sv05-108,TEF,SV,108,Farigiraf ex,https://assets.tcgdex.net/en/sv/sv05/108/high.png,0
sv05-109,TEF,SV,109,Roaring Moon,https://assets.tcgdex.net/en/sv/sv05/109/high.png,0
sv05-110,TEF,SV,110,Forretress,https://assets.tcgdex.net/en/sv/sv05/110/high.png,0
sv05-111,TEF,SV,111,Scizor ex,https://assets.tcgdex.net/en/sv/sv05/111/high.png,0
sv05-112,TEF,SV,112,Mawile,https://assets.tcgdex.net/en/sv/sv05/112/high.png,0
sv05-113,TEF,SV,113,Beldum,https://assets.tcgdex.net/en/sv/sv05/113/high.png,0
sv05-114,TEF,SV,114,Metang,https://assets.tcgdex.net/en/sv/sv05/114/high.png,0
sv05-115,TEF,SV,115,Metagross,https://assets.tcgdex.net/en/sv/sv05/115/high.png,0
sv05-116,TEF,SV,116,Meltan,https://assets.tcgdex.net/en/sv/sv05/116/high.png,0
sv05-117,TEF,SV,117,Melmetal,https://assets.tcgdex.net/en/sv/sv05/117/high.png,0
sv05-118,TEF,SV,118,Iron Treads,https://assets.tcgdex.net/en/sv/sv05/118/high.png,0
sv05-119,TEF,SV,119,Koraidon,https://assets.tcgdex.net/en/sv/sv05/119/high.png,0
sv05-120,TEF,SV,120,Koraidon ex,https://assets.tcgdex.net/en/sv/sv05/120/high.png,0
sv05-121,TEF,SV,121,Miraidon,https://assets.tcgdex.net/en/sv/sv05/121/high.png,0
sv05-122,TEF,SV,122,Miraidon ex,https://assets.tcgdex.net/en/sv/sv05/122/high.png,0
sv05-123,TEF,SV,123,Raging Bolt ex,https://assets.tcgdex.net/en/sv/sv05/123/high.png,0
sv05-124,TEF,SV,124,Lickitung,https://assets.tcgdex.net/en/sv/sv05/124/high.png,0
sv05-125,TEF,SV,125,Lickilicky,https://assets.tcgdex.net/en/sv/sv05/125/high.png,0
sv05-126,TEF,SV,126,Hoothoot,https://assets.tcgdex.net/en/sv/sv05/126/high.png,0
sv05-127,TEF,SV,127,Noctowl,https://assets.tcgdex.net/en/sv/sv05/127/high.png,0
sv05-128,TEF,SV,128,Dunsparce,https://assets.tcgdex.net/en/sv/sv05/128/high.png,0
sv05-129,TEF,SV,129,Dudunsparce,https://assets.tcgdex.net/en/sv/sv05/129/high.png,0
sv05-130,TEF,SV,130,Skitty,https://assets.tcgdex.net/en/sv/sv05/130/high.png,0
sv05-131,TEF,SV,131,Delcatty,https://assets.tcgdex.net/en/sv/sv05/131/high.png,0
sv05-132,TEF,SV,132,Chatot,https://assets.tcgdex.net/en/sv/sv05/132/high.png,0
sv05-133,TEF,SV,133,Pidove,https://assets.tcgdex.net/en/sv/sv05/133/high.png,0
sv05-134,TEF,SV,134,Tranquill,https://assets.tcgdex.net/en/sv/sv05/134/high.png,0
sv05-135,TEF,SV,135,Unfezant,https://assets.tcgdex.net/en/sv/sv05/135/high.png,0
sv05-136,TEF,SV,136,Minccino,https://assets.tcgdex.net/en/sv/sv05/136/high.png,0
sv05-137,TEF,SV,137,Cinccino,https://assets.tcgdex.net/en/sv/sv05/137/high.png,0
sv05-138,TEF,SV,138,Drampa,https://assets.tcgdex.net/en/sv/sv05/138/high.png,0
sv05-139,TEF,SV,139,Iron Jugulis,https://assets.tcgdex.net/en/sv/sv05/139/high.png,0
sv05-163,TEF,SV,163,Shiftry,https://assets.tcgdex.net/en/sv/sv05/163/high.png,0
sv05-164,TEF,SV,164,Grotle,https://assets.tcgdex.net/en/sv/sv05/164/high.png,0
sv05-165,TEF,SV,165,Deerling,https://assets.tcgdex.net/en/sv/sv05/165/high.png,0
sv05-166,TEF,SV,166,Sawsbuck,https://assets.tcgdex.net/en/sv/sv05/166/high.png,0
sv05-167,TEF,SV,167,Litten,https://assets.tcgdex.net/en/sv/sv05/167/high.png,0
sv05-168,TEF,SV,168,Snom,https://assets.tcgdex.net/en/sv/sv05/168/high.png,0
sv05-169,TEF,SV,169,Charjabug,https://assets.tcgdex.net/en/sv/sv05/169/high.png,0
sv05-170,TEF,SV,170,Bronzor,https://assets.tcgdex.net/en/sv/sv05/170/high.png,0
sv05-171,TEF,SV,171,Reuniclus,https://assets.tcgdex.net/en/sv/sv05/171/high.png,0
sv05-172,TEF,SV,172,Cutiefly,https://assets.tcgdex.net/en/sv/sv05/172/high.png,0
sv05-173,TEF,SV,173,Relicanth,https://assets.tcgdex.net/en/sv/sv05/173/high.png,0
sv05-174,TEF,SV,174,Excadrill,https://assets.tcgdex.net/en/sv/sv05/174/high.png,0
sv05-175,TEF,SV,175,Mudsdale,https://assets.tcgdex.net/en/sv/sv05/175/high.png,0
sv05-176,TEF,SV,176,Arbok,https://assets.tcgdex.net/en/sv/sv05/176/high.png,0
sv05-177,TEF,SV,177,Gastly,https://assets.tcgdex.net/en/sv/sv05/177/high.png,0
sv05-178,TEF,SV,178,Metagross,https://assets.tcgdex.net/en/sv/sv05/178/high.png,0
sv05-179,TEF,SV,179,Meltan,https://assets.tcgdex.net/en/sv/sv05/179/high.png,0
sv05-180,TEF,SV,180,Lickitung,https://assets.tcgdex.net/en/sv/sv05/180/high.png,0
sv05-181,TEF,SV,181,Chatot,https://assets.tcgdex.net/en/sv/sv05/181/high.png,0
sv05-182,TEF,SV,182,Minccino,https://assets.tcgdex.net/en/sv/sv05/182/high.png,0
sv05-183,TEF,SV,183,Cinccino,https://assets.tcgdex.net/en/sv/sv05/183/high.png,0
sv05-184,TEF,SV,184,Drampa,https://assets.tcgdex.net/en/sv/sv05/184/high.png,0
sv05-185,TEF,SV,185,Torterra ex,https://assets.tcgdex.net/en/sv/sv05/185/high.png,0
sv05-186,TEF,SV,186,Iron Leaves ex,https://assets.tcgdex.net/en/sv/sv05/186/high.png,0
sv05-187,TEF,SV,187,Incineroar ex,https://assets.tcgdex.net/en/sv/sv05/187/high.png,0
sv05-188,TEF,SV,188,Gouging Fire ex,https://assets.tcgdex.net/en/sv/sv05/188/high.png,0
sv05-189,TEF,SV,189,Walking Wake ex,https://assets.tcgdex.net/en/sv/sv05/189/high.png,0
sv05-190,TEF,SV,190,Wugtrio ex,https://assets.tcgdex.net/en/sv/sv05/190/high.png,0
sv05-191,TEF,SV,191,Iron Crown ex,https://assets.tcgdex.net/en/sv/sv05/191/high.png,0
sv05-192,TEF,SV,192,Iron Boulder ex,https://assets.tcgdex.net/en/sv/sv05/192/high.png,0
sv05-193,TEF,SV,193,Gengar ex,https://assets.tcgdex.net/en/sv/sv05/193/high.png,0
sv05-194,TEF,SV,194,Farigiraf ex,https://assets.tcgdex.net/en/sv/sv05/194/high.png,0
sv05-195,TEF,SV,195,Scizor ex,https://assets.tcgdex.net/en/sv/sv05/195/high.png,0
sv05-196,TEF,SV,196,Raging Bolt ex,https://assets.tcgdex.net/en/sv/sv05/196/high.png,0
sv05-203,TEF,SV,203,Iron Leaves ex,https://assets.tcgdex.net/en/sv/sv05/203/high.png,0
sv05-204,TEF,SV,204,Gouging Fire ex,https://assets.tcgdex.net/en/sv/sv05/204/high.png,0
sv05-205,TEF,SV,205,Walking Wake ex,https://assets.tcgdex.net/en/sv/sv05/205/high.png,0
sv05-206,TEF,SV,206,Iron Crown ex,https://assets.tcgdex.net/en/sv/sv05/206/high.png,0
sv05-207,TEF,SV,207,Iron Boulder ex,https://assets.tcgdex.net/en/sv/sv05/207/high.png,0
sv05-208,TEF,SV,208,Raging Bolt ex,https://assets.tcgdex.net/en/sv/sv05/208/high.png,0
sv05-213,TEF,SV,213,Iron Leaves ex,https://assets.tcgdex.net/en/sv/sv05/213/high.png,0
sv05-214,TEF,SV,214,Gouging Fire ex,https://assets.tcgdex.net/en/sv/sv05/214/high.png,0
sv05-215,TEF,SV,215,Walking Wake ex,https://assets.tcgdex.net/en/sv/sv05/215/high.png,0
sv05-216,TEF,SV,216,Iron Crown ex,https://assets.tcgdex.net/en/sv/sv05/216/high.png,0
sv05-217,TEF,SV,217,Iron Boulder ex,https://assets.tcgdex.net/en/sv/sv05/217/high.png,0
sv05-218,TEF,SV,218,Raging Bolt ex,https://assets.tcgdex.net/en/sv/sv05/218/high.png,0
sv02-001,PAL,SV,001,Hoppip,https://assets.tcgdex.net/en/sv/sv02/001/high.png,0
sv02-002,PAL,SV,002,Skiploom,https://assets.tcgdex.net/en/sv/sv02/002/high.png,0
sv02-003,PAL,SV,003,Jumpluff,https://assets.tcgdex.net/en/sv/sv02/003/high.png,0
sv02-004,PAL,SV,004,Pineco,https://assets.tcgdex.net/en/sv/sv02/004/high.png,0
sv02-005,PAL,SV,005,Forretress ex,https://assets.tcgdex.net/en/sv/sv02/005/high.png,0
sv02-006,PAL,SV,006,Heracross,https://assets.tcgdex.net/en/sv/sv02/006/high.png,0
sv02-007,PAL,SV,007,Tropius,https://assets.tcgdex.net/en/sv/sv02/007/high.png,0
sv02-008,PAL,SV,008,Combee,https://assets.tcgdex.net/en/sv/sv02/008/high.png,0
sv02-009,PAL,SV,009,Vespiquen,https://assets.tcgdex.net/en/sv/sv02/009/high.png,0
sv02-010,PAL,SV,010,Snover,https://assets.tcgdex.net/en/sv/sv02/010/high.png,0
sv02-011,PAL,SV,011,Abomasnow,https://assets.tcgdex.net/en/sv/sv02/011/high.png,0
sv02-012,PAL,SV,012,Sprigatito,https://assets.tcgdex.net/en/sv/sv02/012/high.png,0
sv02-013,PAL,SV,013,Sprigatito,https://assets.tcgdex.net/en/sv/sv02/013/high.png,0
sv02-014,PAL,SV,014,Floragato,https://assets.tcgdex.net/en/sv/sv02/014/high.png,0
sv02-015,PAL,SV,015,Meowscarada ex,https://assets.tcgdex.net/en/sv/sv02/015/high.png,0
sv02-016,PAL,SV,016,Tarountula,https://assets.tcgdex.net/en/sv/sv02/016/high.png,0
sv02-017,PAL,SV,017,Tarountula,https://assets.tcgdex.net/en/sv/sv02/017/high.png,0
sv02-018,PAL,SV,018,Spidops,https://assets.tcgdex.net/en/sv/sv02/018/high.png,0
sv02-019,PAL,SV,019,Nymble,https://assets.tcgdex.net/en/sv/sv02/019/high.png,0
sv02-020,PAL,SV,020,Nymble,https://assets.tcgdex.net/en/sv/sv02/020/high.png,0
sv02-021,PAL,SV,021,Lokix,https://assets.tcgdex.net/en/sv/sv02/021/high.png,0
sv02-022,PAL,SV,022,Bramblin,https://assets.tcgdex.net/en/sv/sv02/022/high.png,0
sv02-023,PAL,SV,023,Bramblin,https://assets.tcgdex.net/en/sv/sv02/023/high.png,0
sv02-024,PAL,SV,024,Brambleghast,https://assets.tcgdex.net/en/sv/sv02/024/high.png,0
sv02-025,PAL,SV,025,Rellor,https://assets.tcgdex.net/en/sv/sv02/025/high.png,0
sv02-026,PAL,SV,026,Rellor,https://assets.tcgdex.net/en/sv/sv02/026/high.png,0
sv02-027,PAL,SV,027,Wo-Chien ex,https://assets.tcgdex.net/en/sv/sv02/027/high.png,0
sv02-028,PAL,SV,028,Paldean Tauros,https://assets.tcgdex.net/en/sv/sv02/028/high.png,0
sv02-029,PAL,SV,029,Fletchinder,https://assets.tcgdex.net/en/sv/sv02/029/high.png,0
sv02-030,PAL,SV,030,Talonflame,https://assets.tcgdex.net/en/sv/sv02/030/high.png,0
sv02-031,PAL,SV,031,Litleo,https://assets.tcgdex.net/en/sv/sv02/031/high.png,0
sv02-032,PAL,SV,032,Pyroar,https://assets.tcgdex.net/en/sv/sv02/032/high.png,0
sv02-033,PAL,SV,033,Oricorio,https://assets.tcgdex.net/en/sv/sv02/033/high.png,0
sv02-034,PAL,SV,034,Fuecoco,https://assets.tcgdex.net/en/sv/sv02/034/high.png,0
sv02-035,PAL,SV,035,Fuecoco,https://assets.tcgdex.net/en/sv/sv02/035/high.png,0
sv02-036,PAL,SV,036,Crocalor,https://assets.tcgdex.net/en/sv/sv02/036/high.png,0
sv02-037,PAL,SV,037,Skeledirge ex,https://assets.tcgdex.net/en/sv/sv02/037/high.png,0
sv02-038,PAL,SV,038,Charcadet,https://assets.tcgdex.net/en/sv/sv02/038/high.png,0
sv02-039,PAL,SV,039,Charcadet,https://assets.tcgdex.net/en/sv/sv02/039/high.png,0
sv02-040,PAL,SV,040,Chi-Yu ex,https://assets.tcgdex.net/en/sv/sv02/040/high.png,0
sv02-041,PAL,SV,041,Paldean Tauros,https://assets.tcgdex.net/en/sv/sv02/041/high.png,0
sv02-042,PAL,SV,042,Magikarp,https://assets.tcgdex.net/en/sv/sv02/042/high.png,0
sv02-043,PAL,SV,043,Gyarados,https://assets.tcgdex.net/en/sv/sv02/043/high.png,0
sv02-044,PAL,SV,044,Marill,https://assets.tcgdex.net/en/sv/sv02/044/high.png,0
sv02-045,PAL,SV,045,Azumarill,https://assets.tcgdex.net/en/sv/sv02/045/high.png,0
sv02-046,PAL,SV,046,Delibird,https://assets.tcgdex.net/en/sv/sv02/046/high.png,0
sv02-047,PAL,SV,047,Luvdisc,https://assets.tcgdex.net/en/sv/sv02/047/high.png,0
sv02-048,PAL,SV,048,Eiscue,https://assets.tcgdex.net/en/sv/sv02/048/high.png,0
sv02-049,PAL,SV,049,Quaxly,https://assets.tcgdex.net/en/sv/sv02/049/high.png,0
sv02-050,PAL,SV,050,Quaxly,https://assets.tcgdex.net/en/sv/sv02/050/high.png,0
sv02-051,PAL,SV,051,Quaxwell,https://assets.tcgdex.net/en/sv/sv02/051/high.png,0
sv02-052,PAL,SV,052,Quaquaval ex,https://assets.tcgdex.net/en/sv/sv02/052/high.png,0
sv02-053,PAL,SV,053,Cetoddle,https://assets.tcgdex.net/en/sv/sv02/053/high.png,0
sv02-054,PAL,SV,054,Cetoddle,https://assets.tcgdex.net/en/sv/sv02/054/high.png,0
sv02-055,PAL,SV,055,Cetitan,https://assets.tcgdex.net/en/sv/sv02/055/high.png,0
sv02-056,PAL,SV,056,Veluza,https://assets.tcgdex.net/en/sv/sv02/056/high.png,0
sv02-057,PAL,SV,057,Frigibax,https://assets.tcgdex.net/en/sv/sv02/057/high.png,0
sv02-058,PAL,SV,058,Frigibax,https://assets.tcgdex.net/en/sv/sv02/058/high.png,0
sv02-059,PAL,SV,059,Arctibax,https://assets.tcgdex.net/en/sv/sv02/059/high.png,0
sv02-060,PAL,SV,060,Baxcalibur,https://assets.tcgdex.net/en/sv/sv02/060/high.png,0
sv02-061,PAL,SV,061,Chien-Pao ex,https://assets.tcgdex.net/en/sv/sv02/061/high.png,0
sv02-062,PAL,SV,062,Pikachu,https://assets.tcgdex.net/en/sv/sv02/062/high.png,0
sv02-063,PAL,SV,063,Pikachu ex,https://assets.tcgdex.net/en/sv/sv02/063/high.png,0
sv02-064,PAL,SV,064,Raichu,https://assets.tcgdex.net/en/sv/sv02/064/high.png,0
sv02-065,PAL,SV,065,Magnemite,https://assets.tcgdex.net/en/sv/sv02/065/high.png,0
sv02-066,PAL,SV,066,Voltorb,https://assets.tcgdex.net/en/sv/sv02/066/high.png,0
sv02-067,PAL,SV,067,Electrode,https://assets.tcgdex.net/en/sv/sv02/067/high.png,0
sv02-068,PAL,SV,068,Shinx,https://assets.tcgdex.net/en/sv/sv02/068/high.png,0
sv02-069,PAL,SV,069,Shinx,https://assets.tcgdex.net/en/sv/sv02/069/high.png,0
sv02-070,PAL,SV,070,Luxio,https://assets.tcgdex.net/en/sv/sv02/070/high.png,0
sv02-071,PAL,SV,071,Luxray,https://assets.tcgdex.net/en/sv/sv02/071/high.png,0
sv02-072,PAL,SV,072,Pincurchin,https://assets.tcgdex.net/en/sv/sv02/072/high.png,0
sv02-073,PAL,SV,073,Pincurchin,https://assets.tcgdex.net/en/sv/sv02/073/high.png,0
sv02-074,PAL,SV,074,Pawmi,https://assets.tcgdex.net/en/sv/sv02/074/high.png,0
sv02-075,PAL,SV,075,Pawmo,https://assets.tcgdex.net/en/sv/sv02/075/high.png,0
sv02-076,PAL,SV,076,Pawmot,https://assets.tcgdex.net/en/sv/sv02/076/high.png,0
sv02-077,PAL,SV,077,Tadbulb,https://assets.tcgdex.net/en/sv/sv02/077/high.png,0
sv02-078,PAL,SV,078,Tadbulb,https://assets.tcgdex.net/en/sv/sv02/078/high.png,0
sv02-079,PAL,SV,079,Bellibolt ex,https://assets.tcgdex.net/en/sv/sv02/079/high.png,0
sv02-080,PAL,SV,080,Wattrel,https://assets.tcgdex.net/en/sv/sv02/080/high.png,0
sv02-081,PAL,SV,081,Wattrel,https://assets.tcgdex.net/en/sv/sv02/081/high.png,0
sv02-082,PAL,SV,082,Kilowattrel,https://assets.tcgdex.net/en/sv/sv02/082/high.png,0
sv02-083,PAL,SV,083,Jigglypuff,https://assets.tcgdex.net/en/sv/sv02/083/high.png,0
sv02-084,PAL,SV,084,Wigglytuff,https://assets.tcgdex.net/en/sv/sv02/084/high.png,0
sv02-085,PAL,SV,085,Slowpoke,https://assets.tcgdex.net/en/sv/sv02/085/high.png,0
sv02-086,PAL,SV,086,Slowking ex,https://assets.tcgdex.net/en/sv/sv02/086/high.png,0
sv02-087,PAL,SV,087,Misdreavus,https://assets.tcgdex.net/en/sv/sv02/087/high.png,0
sv02-088,PAL,SV,088,Mismagius,https://assets.tcgdex.net/en/sv/sv02/088/high.png,0
sv02-089,PAL,SV,089,Spiritomb,https://assets.tcgdex.net/en/sv/sv02/089/high.png,0
sv02-090,PAL,SV,090,Gothita,https://assets.tcgdex.net/en/sv/sv02/090/high.png,0
sv02-091,PAL,SV,091,Gothorita,https://assets.tcgdex.net/en/sv/sv02/091/high.png,0
sv02-092,PAL,SV,092,Gothitelle,https://assets.tcgdex.net/en/sv/sv02/092/high.png,0
sv02-093,PAL,SV,093,Dedenne ex,https://assets.tcgdex.net/en/sv/sv02/093/high.png,0
sv02-094,PAL,SV,094,Oranguru,https://assets.tcgdex.net/en/sv/sv02/094/high.png,0
sv02-095,PAL,SV,095,Sandygast,https://assets.tcgdex.net/en/sv/sv02/095/high.png,0
sv02-096,PAL,SV,096,Palossand,https://assets.tcgdex.net/en/sv/sv02/096/high.png,0
sv02-097,PAL,SV,097,Mimikyu,https://assets.tcgdex.net/en/sv/sv02/097/high.png,0
sv02-098,PAL,SV,098,Ceruledge,https://assets.tcgdex.net/en/sv/sv02/098/high.png,0
sv02-099,PAL,SV,099,Rabsca,https://assets.tcgdex.net/en/sv/sv02/099/high.png,0
sv02-100,PAL,SV,100,Tinkatink,https://assets.tcgdex.net/en/sv/sv02/100/high.png,0
sv02-101,PAL,SV,101,Tinkatink,https://assets.tcgdex.net/en/sv/sv02/101/high.png,0
sv02-102,PAL,SV,102,Tinkatink,https://assets.tcgdex.net/en/sv/sv02/102/high.png,0
sv02-103,PAL,SV,103,Tinkatuff,https://assets.tcgdex.net/en/sv/sv02/103/high.png,0
sv02-104,PAL,SV,104,Tinkatuff,https://assets.tcgdex.net/en/sv/sv02/104/high.png,0
sv02-105,PAL,SV,105,Tinkaton,https://assets.tcgdex.net/en/sv/sv02/105/high.png,0
sv02-106,PAL,SV,106,Mankey,https://assets.tcgdex.net/en/sv/sv02/106/high.png,0
sv02-107,PAL,SV,107,Primeape,https://assets.tcgdex.net/en/sv/sv02/107/high.png,0
sv02-108,PAL,SV,108,Paldean Tauros,https://assets.tcgdex.net/en/sv/sv02/108/high.png,0
sv02-109,PAL,SV,109,Sudowoodo,https://assets.tcgdex.net/en/sv/sv02/109/high.png,0
sv02-110,PAL,SV,110,Larvitar,https://assets.tcgdex.net/en/sv/sv02/110/high.png,0
sv02-111,PAL,SV,111,Pupitar,https://assets.tcgdex.net/en/sv/sv02/111/high.png,0
sv02-112,PAL,SV,112,Makuhita,https://assets.tcgdex.net/en/sv/sv02/112/high.png,0
sv02-113,PAL,SV,113,Hariyama,https://assets.tcgdex.net/en/sv/sv02/113/high.png,0
sv02-114,PAL,SV,114,Croagunk,https://assets.tcgdex.net/en/sv/sv02/114/high.png,0
sv02-115,PAL,SV,115,Toxicroak,https://assets.tcgdex.net/en/sv/sv02/115/high.png,0
sv02-116,PAL,SV,116,Rockruff,https://assets.tcgdex.net/en/sv/sv02/116/high.png,0
sv02-117,PAL,SV,117,Lycanroc ex,https://assets.tcgdex.net/en/sv/sv02/117/high.png,0
sv02-118,PAL,SV,118,Passimian,https://assets.tcgdex.net/en/sv/sv02/118/high.png,0
sv02-119,PAL,SV,119,Falinks,https://assets.tcgdex.net/en/sv/sv02/119/high.png,0
sv02-120,PAL,SV,120,Nacli,https://assets.tcgdex.net/en/sv/sv02/120/high.png,0
sv02-121,PAL,SV,121,Nacli,https://assets.tcgdex.net/en/sv/sv02/121/high.png,0
sv02-122,PAL,SV,122,Naclstack,https://assets.tcgdex.net/en/sv/sv02/122/high.png,0
sv02-123,PAL,SV,123,Garganacl,https://assets.tcgdex.net/en/sv/sv02/123/high.png,0
sv02-124,PAL,SV,124,Glimmet,https://assets.tcgdex.net/en/sv/sv02/124/high.png,0
sv02-125,PAL,SV,125,Glimmet,https://assets.tcgdex.net/en/sv/sv02/125/high.png,0
sv02-126,PAL,SV,126,Glimmora,https://assets.tcgdex.net/en/sv/sv02/126/high.png,0
sv02-127,PAL,SV,127,Ting-Lu ex,https://assets.tcgdex.net/en/sv/sv02/127/high.png,0
sv02-128,PAL,SV,128,Paldean Wooper,https://assets.tcgdex.net/en/sv/sv02/128/high.png,0
sv02-129,PAL,SV,129,Paldean Wooper,https://assets.tcgdex.net/en/sv/sv02/129/high.png,0
sv02-130,PAL,SV,130,Paldean Clodsire ex,https://assets.tcgdex.net/en/sv/sv02/130/high.png,0
sv02-131,PAL,SV,131,Murkrow,https://assets.tcgdex.net/en/sv/sv02/131/high.png,0
sv02-132,PAL,SV,132,Honchkrow,https://assets.tcgdex.net/en/sv/sv02/132/high.png,0
sv02-133,PAL,SV,133,Sneasel,https://assets.tcgdex.net/en/sv/sv02/133/high.png,0
sv02-134,PAL,SV,134,Weavile,https://assets.tcgdex.net/en/sv/sv02/134/high.png,0
sv02-135,PAL,SV,135,Tyranitar,https://assets.tcgdex.net/en/sv/sv02/135/high.png,0
sv02-136,PAL,SV,136,Sableye,https://assets.tcgdex.net/en/sv/sv02/136/high.png,0
sv02-137,PAL,SV,137,Seviper,https://assets.tcgdex.net/en/sv/sv02/137/high.png,0
sv02-138,PAL,SV,138,Deino,https://assets.tcgdex.net/en/sv/sv02/138/high.png,0
sv02-139,PAL,SV,139,Zweilous,https://assets.tcgdex.net/en/sv/sv02/139/high.png,0
sv02-140,PAL,SV,140,Hydreigon,https://assets.tcgdex.net/en/sv/sv02/140/high.png,0
sv02-141,PAL,SV,141,Maschiff,https://assets.tcgdex.net/en/sv/sv02/141/high.png,0
sv02-142,PAL,SV,142,Maschiff,https://assets.tcgdex.net/en/sv/sv02/142/high.png,0
sv02-143,PAL,SV,143,Mabosstiff,https://assets.tcgdex.net/en/sv/sv02/143/high.png,0
sv02-144,PAL,SV,144,Shroodle,https://assets.tcgdex.net/en/sv/sv02/144/high.png,0
sv02-145,PAL,SV,145,Shroodle,https://assets.tcgdex.net/en/sv/sv02/145/high.png,0
sv02-146,PAL,SV,146,Grafaiai,https://assets.tcgdex.net/en/sv/sv02/146/high.png,0
sv02-147,PAL,SV,147,Bombirdier,https://assets.tcgdex.net/en/sv/sv02/147/high.png,0
sv02-148,PAL,SV,148,Corviknight,https://assets.tcgdex.net/en/sv/sv02/148/high.png,0
sv02-149,PAL,SV,149,Cufant,https://assets.tcgdex.net/en/sv/sv02/149/high.png,0
sv02-150,PAL,SV,150,Copperajah ex,https://assets.tcgdex.net/en/sv/sv02/150/high.png,0
sv02-151,PAL,SV,151,Orthworm,https://assets.tcgdex.net/en/sv/sv02/151/high.png,0
sv02-152,PAL,SV,152,Noibat,https://assets.tcgdex.net/en/sv/sv02/152/high.png,0
sv02-153,PAL,SV,153,Noivern ex,https://assets.tcgdex.net/en/sv/sv02/153/high.png,0
sv02-154,PAL,SV,154,Girafarig,https://assets.tcgdex.net/en/sv/sv02/154/high.png,0
sv02-155,PAL,SV,155,Farigiraf,https://assets.tcgdex.net/en/sv/sv02/155/high.png,0
sv02-156,PAL,SV,156,Dunsparce,https://assets.tcgdex.net/en/sv/sv02/156/high.png,0
sv02-157,PAL,SV,157,Dudunsparce,https://assets.tcgdex.net/en/sv/sv02/157/high.png,0
sv02-158,PAL,SV,158,Wingull,https://assets.tcgdex.net/en/sv/sv02/158/high.png,0
sv02-159,PAL,SV,159,Pelipper,https://assets.tcgdex.net/en/sv/sv02/159/high.png,0
sv02-160,PAL,SV,160,Slakoth,https://assets.tcgdex.net/en/sv/sv02/160/high.png,0
sv02-161,PAL,SV,161,Vigoroth,https://assets.tcgdex.net/en/sv/sv02/161/high.png,0
sv02-162,PAL,SV,162,Slaking,https://assets.tcgdex.net/en/sv/sv02/162/high.png,0
sv02-163,PAL,SV,163,Fletchling,https://assets.tcgdex.net/en/sv/sv02/163/high.png,0
sv02-164,PAL,SV,164,Rookidee,https://assets.tcgdex.net/en/sv/sv02/164/high.png,0
sv02-165,PAL,SV,165,Corvisquire,https://assets.tcgdex.net/en/sv/sv02/165/high.png,0
sv02-166,PAL,SV,166,Tandemaus,https://assets.tcgdex.net/en/sv/sv02/166/high.png,0
sv02-167,PAL,SV,167,Tandemaus,https://assets.tcgdex.net/en/sv/sv02/167/high.png,0
sv02-168,PAL,SV,168,Maushold,https://assets.tcgdex.net/en/sv/sv02/168/high.png,0
sv02-169,PAL,SV,169,Squawkabilly ex,https://assets.tcgdex.net/en/sv/sv02/169/high.png,0
sv02-170,PAL,SV,170,Flamigo,https://assets.tcgdex.net/en/sv/sv02/170/high.png,0
sv02-194,PAL,SV,194,Heracross,https://assets.tcgdex.net/en/sv/sv02/194/high.png,0
sv02-195,PAL,SV,195,Tropius,https://assets.tcgdex.net/en/sv/sv02/195/high.png,0
sv02-196,PAL,SV,196,Sprigatito,https://assets.tcgdex.net/en/sv/sv02/196/high.png,0
sv02-197,PAL,SV,197,Floragato,https://assets.tcgdex.net/en/sv/sv02/197/high.png,0
sv02-198,PAL,SV,198,Bramblin,https://assets.tcgdex.net/en/sv/sv02/198/high.png,0
sv02-199,PAL,SV,199,Fletchinder,https://assets.tcgdex.net/en/sv/sv02/199/high.png,0
sv02-200,PAL,SV,200,Pyroar,https://assets.tcgdex.net/en/sv/sv02/200/high.png,0
sv02-201,PAL,SV,201,Fuecoco,https://assets.tcgdex.net/en/sv/sv02/201/high.png,0
sv02-202,PAL,SV,202,Crocalor,https://assets.tcgdex.net/en/sv/sv02/202/high.png,0
sv02-203,PAL,SV,203,Magikarp,https://assets.tcgdex.net/en/sv/sv02/203/high.png,0
sv02-204,PAL,SV,204,Marill,https://assets.tcgdex.net/en/sv/sv02/204/high.png,0
sv02-205,PAL,SV,205,Eiscue,https://assets.tcgdex.net/en/sv/sv02/205/high.png,0
sv02-206,PAL,SV,206,Quaxly,https://assets.tcgdex.net/en/sv/sv02/206/high.png,0
sv02-207,PAL,SV,207,Quaxwell,https://assets.tcgdex.net/en/sv/sv02/207/high.png,0
sv02-208,PAL,SV,208,Frigibax,https://assets.tcgdex.net/en/sv/sv02/208/high.png,0
sv02-209,PAL,SV,209,Arctibax,https://assets.tcgdex.net/en/sv/sv02/209/high.png,0
sv02-210,PAL,SV,210,Baxcalibur,https://assets.tcgdex.net/en/sv/sv02/210/high.png,0
sv02-211,PAL,SV,211,Raichu,https://assets.tcgdex.net/en/sv/sv02/211/high.png,0
sv02-212,PAL,SV,212,Mismagius,https://assets.tcgdex.net/en/sv/sv02/212/high.png,0
sv02-213,PAL,SV,213,Gothorita,https://assets.tcgdex.net/en/sv/sv02/213/high.png,0
sv02-214,PAL,SV,214,Sandygast,https://assets.tcgdex.net/en/sv/sv02/214/high.png,0
sv02-215,PAL,SV,215,Rabsca,https://assets.tcgdex.net/en/sv/sv02/215/high.png,0
sv02-216,PAL,SV,216,Tinkatink,https://assets.tcgdex.net/en/sv/sv02/216/high.png,0
sv02-217,PAL,SV,217,Tinkatuff,https://assets.tcgdex.net/en/sv/sv02/217/high.png,0
sv02-218,PAL,SV,218,Paldean Tauros,https://assets.tcgdex.net/en/sv/sv02/218/high.png,0
sv02-219,PAL,SV,219,Sudowoodo,https://assets.tcgdex.net/en/sv/sv02/219/high.png,0
sv02-220,PAL,SV,220,Nacli,https://assets.tcgdex.net/en/sv/sv02/220/high.png,0
sv02-221,PAL,SV,221,Paldean Wooper,https://assets.tcgdex.net/en/sv/sv02/221/high.png,0
sv02-222,PAL,SV,222,Tyranitar,https://assets.tcgdex.net/en/sv/sv02/222/high.png,0
sv02-223,PAL,SV,223,Grafaiai,https://assets.tcgdex.net/en/sv/sv02/223/high.png,0
sv02-224,PAL,SV,224,Orthworm,https://assets.tcgdex.net/en/sv/sv02/224/high.png,0
sv02-225,PAL,SV,225,Rookidee,https://assets.tcgdex.net/en/sv/sv02/225/high.png,0
sv02-226,PAL,SV,226,Maushold,https://assets.tcgdex.net/en/sv/sv02/226/high.png,0
sv02-227,PAL,SV,227,Flamigo,https://assets.tcgdex.net/en/sv/sv02/227/high.png,0
sv02-228,PAL,SV,228,Farigiraf,https://assets.tcgdex.net/en/sv/sv02/228/high.png,0
sv02-229,PAL,SV,229,Dudunsparce,https://assets.tcgdex.net/en/sv/sv02/229/high.png,0
sv02-230,PAL,SV,230,Forretress ex,https://assets.tcgdex.net/en/sv/sv02/230/high.png,0
sv02-231,PAL,SV,231,Meowscarada ex,https://assets.tcgdex.net/en/sv/sv02/231/high.png,0
sv02-232,PAL,SV,232,Wo-Chien ex,https://assets.tcgdex.net/en/sv/sv02/232/high.png,0
sv02-233,PAL,SV,233,Skeledirge ex,https://assets.tcgdex.net/en/sv/sv02/233/high.png,0
sv02-234,PAL,SV,234,Chi-Yu ex,https://assets.tcgdex.net/en/sv/sv02/234/high.png,0
sv02-235,PAL,SV,235,Quaquaval ex,https://assets.tcgdex.net/en/sv/sv02/235/high.png,0
sv02-236,PAL,SV,236,Chien-Pao ex,https://assets.tcgdex.net/en/sv/sv02/236/high.png,0
sv02-237,PAL,SV,237,Bellibolt ex,https://assets.tcgdex.net/en/sv/sv02/237/high.png,0
sv02-238,PAL,SV,238,Slowking ex,https://assets.tcgdex.net/en/sv/sv02/238/high.png,0
sv02-239,PAL,SV,239,Dedenne ex,https://assets.tcgdex.net/en/sv/sv02/239/high.png,0
sv02-240,PAL,SV,240,Tinkaton ex,https://assets.tcgdex.net/en/sv/sv02/240/high.png,0
sv02-241,PAL,SV,241,Lycanroc ex,https://assets.tcgdex.net/en/sv/sv02/241/high.png,0
sv02-242,PAL,SV,242,Annihilape ex,https://assets.tcgdex.net/en/sv/sv02/242/high.png,0
sv02-243,PAL,SV,243,Ting-Lu ex,https://assets.tcgdex.net/en/sv/sv02/243/high.png,0
sv02-244,PAL,SV,244,Paldean Clodsire ex,https://assets.tcgdex.net/en/sv/sv02/244/high.png,0
sv02-245,PAL,SV,245,Copperajah ex,https://assets.tcgdex.net/en/sv/sv02/245/high.png,0
sv02-246,PAL,SV,246,Noivern ex,https://assets.tcgdex.net/en/sv/sv02/246/high.png,0
sv02-247,PAL,SV,247,Squawkabilly ex,https://assets.tcgdex.net/en/sv/sv02/247/high.png,0
sv02-256,PAL,SV,256,Meowscarada ex,https://assets.tcgdex.net/en/sv/sv02/256/high.png,0
sv02-257,PAL,SV,257,Wo-Chien ex,https://assets.tcgdex.net/en/sv/sv02/257/high.png,0
sv02-258,PAL,SV,258,Skeledirge ex,https://assets.tcgdex.net/en/sv/sv02/258/high.png,0
sv02-259,PAL,SV,259,Chi-Yu ex,https://assets.tcgdex.net/en/sv/sv02/259/high.png,0
sv02-260,PAL,SV,260,Quaquaval ex,https://assets.tcgdex.net/en/sv/sv02/260/high.png,0
sv02-261,PAL,SV,261,Chien-Pao ex,https://assets.tcgdex.net/en/sv/sv02/261/high.png,0
sv02-262,PAL,SV,262,Tinkaton ex,https://assets.tcgdex.net/en/sv/sv02/262/high.png,0
sv02-263,PAL,SV,263,Ting-Lu ex,https://assets.tcgdex.net/en/sv/sv02/263/high.png,0
sv02-264,PAL,SV,264,Squawkabilly ex,https://assets.tcgdex.net/en/sv/sv02/264/high.png,0
sv02-271,PAL,SV,271,Meowscarada ex,https://assets.tcgdex.net/en/sv/sv02/271/high.png,0
sv02-272,PAL,SV,272,Skeledirge ex,https://assets.tcgdex.net/en/sv/sv02/272/high.png,0
sv02-273,PAL,SV,273,Quaquaval ex,https://assets.tcgdex.net/en/sv/sv02/273/high.png,0
sv02-274,PAL,SV,274,Chien-Pao ex,https://assets.tcgdex.net/en/sv/sv02/274/high.png,0
sv02-275,PAL,SV,275,Ting-Lu ex,https://assets.tcgdex.net/en/sv/sv02/275/high.png,0
swsh5-1,BST,SWSH,1,Bellsprout,https://assets.tcgdex.net/en/swsh/swsh5/1/high.png,0
swsh5-2,BST,SWSH,2,Weepinbell,https://assets.tcgdex.net/en/swsh/swsh5/2/high.png,0
swsh5-3,BST,SWSH,3,Victreebel,https://assets.tcgdex.net/en/swsh/swsh5/3/high.png,0
swsh5-4,BST,SWSH,4,Cacnea,https://assets.tcgdex.net/en/swsh/swsh5/4/high.png,0
swsh5-5,BST,SWSH,5,Cacturne,https://assets.tcgdex.net/en/swsh/swsh5/5/high.png,0
swsh5-6,BST,SWSH,6,Kricketune V,https://assets.tcgdex.net/en/swsh/swsh5/6/high.png,0
swsh5-7,BST,SWSH,7,Cherubi,https://assets.tcgdex.net/en/swsh/swsh5/7/high.png,0
swsh5-8,BST,SWSH,8,Cherrim,https://assets.tcgdex.net/en/swsh/swsh5/8/high.png,0
swsh5-9,BST,SWSH,9,Carnivine,https://assets.tcgdex.net/en/swsh/swsh5/9/high.png,0
swsh5-10,BST,SWSH,10,Durant,https://assets.tcgdex.net/en/swsh/swsh5/10/high.png,0
swsh5-11,BST,SWSH,11,Scatterbug,https://assets.tcgdex.net/en/swsh/swsh5/11/high.png,0
swsh5-12,BST,SWSH,12,Spewpa,https://assets.tcgdex.net/en/swsh/swsh5/12/high.png,0
swsh5-13,BST,SWSH,13,Vivillon,https://assets.tcgdex.net/en/swsh/swsh5/13/high.png,0
swsh5-14,BST,SWSH,14,Fomantis,https://assets.tcgdex.net/en/swsh/swsh5/14/high.png,0
swsh5-15,BST,SWSH,15,Lurantis,https://assets.tcgdex.net/en/swsh/swsh5/15/high.png,0
swsh5-16,BST,SWSH,16,Tapu Bulu,https://assets.tcgdex.net/en/swsh/swsh5/16/high.png,0
swsh5-17,BST,SWSH,17,Blipbug,https://assets.tcgdex.net/en/swsh/swsh5/17/high.png,0
swsh5-18,BST,SWSH,18,Flapple V,https://assets.tcgdex.net/en/swsh/swsh5/18/high.png,0
swsh5-19,BST,SWSH,19,Flapple VMAX,https://assets.tcgdex.net/en/swsh/swsh5/19/high.png,0
swsh5-20,BST,SWSH,20,Entei,https://assets.tcgdex.net/en/swsh/swsh5/20/high.png,0
swsh5-21,BST,SWSH,21,Victini V,https://assets.tcgdex.net/en/swsh/swsh5/21/high.png,0
swsh5-22,BST,SWSH,22,Victini VMAX,https://assets.tcgdex.net/en/swsh/swsh5/22/high.png,0
swsh5-23,BST,SWSH,23,Tepig,https://assets.tcgdex.net/en/swsh/swsh5/23/high.png,0
swsh5-24,BST,SWSH,24,Pignite,https://assets.tcgdex.net/en/swsh/swsh5/24/high.png,0
swsh5-25,BST,SWSH,25,Emboar,https://assets.tcgdex.net/en/swsh/swsh5/25/high.png,0
swsh5-26,BST,SWSH,26,Heatmor,https://assets.tcgdex.net/en/swsh/swsh5/26/high.png,0
swsh5-27,BST,SWSH,27,Salandit,https://assets.tcgdex.net/en/swsh/swsh5/27/high.png,0
swsh5-28,BST,SWSH,28,Salazzle,https://assets.tcgdex.net/en/swsh/swsh5/28/high.png,0
swsh5-29,BST,SWSH,29,Sizzlipede,https://assets.tcgdex.net/en/swsh/swsh5/29/high.png,0
swsh5-30,BST,SWSH,30,Centiskorch,https://assets.tcgdex.net/en/swsh/swsh5/30/high.png,0
swsh5-31,BST,SWSH,31,Horsea,https://assets.tcgdex.net/en/swsh/swsh5/31/high.png,0
swsh5-32,BST,SWSH,32,Seadra,https://assets.tcgdex.net/en/swsh/swsh5/32/high.png,0
swsh5-33,BST,SWSH,33,Kingdra,https://assets.tcgdex.net/en/swsh/swsh5/33/high.png,0
swsh5-34,BST,SWSH,34,Galarian Mr. Mime,https://assets.tcgdex.net/en/swsh/swsh5/34/high.png,0
swsh5-35,BST,SWSH,35,Galarian Mr. Rime,https://assets.tcgdex.net/en/swsh/swsh5/35/high.png,0
swsh5-36,BST,SWSH,36,Remoraid,https://assets.tcgdex.net/en/swsh/swsh5/36/high.png,0
swsh5-37,BST,SWSH,37,Octillery,https://assets.tcgdex.net/en/swsh/swsh5/37/high.png,0
swsh5-38,BST,SWSH,38,Corphish,https://assets.tcgdex.net/en/swsh/swsh5/38/high.png,0
swsh5-39,BST,SWSH,39,Crawdaunt,https://assets.tcgdex.net/en/swsh/swsh5/39/high.png,0
swsh5-40,BST,SWSH,40,Empoleon V,https://assets.tcgdex.net/en/swsh/swsh5/40/high.png,0
swsh5-41,BST,SWSH,41,Frillish,https://assets.tcgdex.net/en/swsh/swsh5/41/high.png,0
swsh5-42,BST,SWSH,42,Jellicent,https://assets.tcgdex.net/en/swsh/swsh5/42/high.png,0
swsh5-43,BST,SWSH,43,Bruxish,https://assets.tcgdex.net/en/swsh/swsh5/43/high.png,0
swsh5-44,BST,SWSH,44,Electabuzz,https://assets.tcgdex.net/en/swsh/swsh5/44/high.png,0
swsh5-45,BST,SWSH,45,Electivire,https://assets.tcgdex.net/en/swsh/swsh5/45/high.png,0
swsh5-46,BST,SWSH,46,Shinx,https://assets.tcgdex.net/en/swsh/swsh5/46/high.png,0
swsh5-47,BST,SWSH,47,Luxio,https://assets.tcgdex.net/en/swsh/swsh5/47/high.png,0
swsh5-48,BST,SWSH,48,Luxray,https://assets.tcgdex.net/en/swsh/swsh5/48/high.png,0
swsh5-49,BST,SWSH,49,Pachirisu,https://assets.tcgdex.net/en/swsh/swsh5/49/high.png,0
swsh5-50,BST,SWSH,50,Tapu Koko V,https://assets.tcgdex.net/en/swsh/swsh5/50/high.png,0
swsh5-51,BST,SWSH,51,Tapu Koko VMAX,https://assets.tcgdex.net/en/swsh/swsh5/51/high.png,0
swsh5-52,BST,SWSH,52,Yamper,https://assets.tcgdex.net/en/swsh/swsh5/52/high.png,0
swsh5-53,BST,SWSH,53,Boltund,https://assets.tcgdex.net/en/swsh/swsh5/53/high.png,0
swsh5-54,BST,SWSH,54,Galarian Slowpoke,https://assets.tcgdex.net/en/swsh/swsh5/54/high.png,0
swsh5-55,BST,SWSH,55,Spoink,https://assets.tcgdex.net/en/swsh/swsh5/55/high.png,0
swsh5-56,BST,SWSH,56,Grumpig,https://assets.tcgdex.net/en/swsh/swsh5/56/high.png,0
swsh5-57,BST,SWSH,57,Baltoy,https://assets.tcgdex.net/en/swsh/swsh5/57/high.png,0
swsh5-58,BST,SWSH,58,Claydol,https://assets.tcgdex.net/en/swsh/swsh5/58/high.png,0
swsh5-59,BST,SWSH,59,Chimecho,https://assets.tcgdex.net/en/swsh/swsh5/59/high.png,0
swsh5-60,BST,SWSH,60,Espurr,https://assets.tcgdex.net/en/swsh/swsh5/60/high.png,0
swsh5-61,BST,SWSH,61,Meowstic,https://assets.tcgdex.net/en/swsh/swsh5/61/high.png,0
swsh5-62,BST,SWSH,62,Mimikyu V,https://assets.tcgdex.net/en/swsh/swsh5/62/high.png,0
swsh5-63,BST,SWSH,63,Necrozma V,https://assets.tcgdex.net/en/swsh/swsh5/63/high.png,0
swsh5-64,BST,SWSH,64,Dottler,https://assets.tcgdex.net/en/swsh/swsh5/64/high.png,0
swsh5-65,BST,SWSH,65,Orbeetle,https://assets.tcgdex.net/en/swsh/swsh5/65/high.png,0
swsh5-66,BST,SWSH,66,Mankey,https://assets.tcgdex.net/en/swsh/swsh5/66/high.png,0
swsh5-67,BST,SWSH,67,Primeape,https://assets.tcgdex.net/en/swsh/swsh5/67/high.png,0
swsh5-68,BST,SWSH,68,Onix,https://assets.tcgdex.net/en/swsh/swsh5/68/high.png,0
swsh5-69,BST,SWSH,69,Cubone,https://assets.tcgdex.net/en/swsh/swsh5/69/high.png,0
swsh5-70,BST,SWSH,70,Marowak,https://assets.tcgdex.net/en/swsh/swsh5/70/high.png,0
swsh5-71,BST,SWSH,71,Gligar,https://assets.tcgdex.net/en/swsh/swsh5/71/high.png,0
swsh5-72,BST,SWSH,72,Gliscor,https://assets.tcgdex.net/en/swsh/swsh5/72/high.png,0
swsh5-73,BST,SWSH,73,Timburr,https://assets.tcgdex.net/en/swsh/swsh5/73/high.png,0
swsh5-74,BST,SWSH,74,Gurdurr,https://assets.tcgdex.net/en/swsh/swsh5/74/high.png,0
swsh5-75,BST,SWSH,75,Conkeldurr,https://assets.tcgdex.net/en/swsh/swsh5/75/high.png,0
swsh5-76,BST,SWSH,76,Mienfoo,https://assets.tcgdex.net/en/swsh/swsh5/76/high.png,0
swsh5-77,BST,SWSH,77,Mienshao,https://assets.tcgdex.net/en/swsh/swsh5/77/high.png,0
swsh5-78,BST,SWSH,78,Rolycoly,https://assets.tcgdex.net/en/swsh/swsh5/78/high.png,0
swsh5-79,BST,SWSH,79,Carkol,https://assets.tcgdex.net/en/swsh/swsh5/79/high.png,0
swsh5-80,BST,SWSH,80,Coalossal,https://assets.tcgdex.net/en/swsh/swsh5/80/high.png,0
swsh5-81,BST,SWSH,81,Silicobra,https://assets.tcgdex.net/en/swsh/swsh5/81/high.png,0
swsh5-82,BST,SWSH,82,Sandaconda,https://assets.tcgdex.net/en/swsh/swsh5/82/high.png,0
swsh5-83,BST,SWSH,83,Falinks,https://assets.tcgdex.net/en/swsh/swsh5/83/high.png,0
swsh5-84,BST,SWSH,84,Stonjourner,https://assets.tcgdex.net/en/swsh/swsh5/84/high.png,0
swsh5-85,BST,SWSH,85,Single Strike Urshifu V,https://assets.tcgdex.net/en/swsh/swsh5/85/high.png,0
swsh5-86,BST,SWSH,86,Single Strike Urshifu VMAX,https://assets.tcgdex.net/en/swsh/swsh5/86/high.png,0
swsh5-87,BST,SWSH,87,Rapid Strike Urshifu V,https://assets.tcgdex.net/en/swsh/swsh5/87/high.png,0
swsh5-88,BST,SWSH,88,Rapid Strike Urshifu VMAX,https://assets.tcgdex.net/en/swsh/swsh5/88/high.png,0
swsh5-89,BST,SWSH,89,Zubat,https://assets.tcgdex.net/en/swsh/swsh5/89/high.png,0
swsh5-90,BST,SWSH,90,Golbat,https://assets.tcgdex.net/en/swsh/swsh5/90/high.png,0
swsh5-91,BST,SWSH,91,Crobat,https://assets.tcgdex.net/en/swsh/swsh5/91/high.png,0
swsh5-92,BST,SWSH,92,Galarian Slowbro,https://assets.tcgdex.net/en/swsh/swsh5/92/high.png,0
swsh5-93,BST,SWSH,93,Murkrow,https://assets.tcgdex.net/en/swsh/swsh5/93/high.png,0
swsh5-94,BST,SWSH,94,Honchkrow,https://assets.tcgdex.net/en/swsh/swsh5/94/high.png,0
swsh5-95,BST,SWSH,95,Houndour,https://assets.tcgdex.net/en/swsh/swsh5/95/high.png,0
swsh5-96,BST,SWSH,96,Houndoom,https://assets.tcgdex.net/en/swsh/swsh5/96/high.png,0
swsh5-97,BST,SWSH,97,Tyranitar V,https://assets.tcgdex.net/en/swsh/swsh5/97/high.png,0
swsh5-98,BST,SWSH,98,Morpeko,https://assets.tcgdex.net/en/swsh/swsh5/98/high.png,0
swsh5-99,BST,SWSH,99,Steelix,https://assets.tcgdex.net/en/swsh/swsh5/99/high.png,0
swsh5-100,BST,SWSH,100,Mawile,https://assets.tcgdex.net/en/swsh/swsh5/100/high.png,0
swsh5-101,BST,SWSH,101,Bronzor,https://assets.tcgdex.net/en/swsh/swsh5/101/high.png,0
swsh5-102,BST,SWSH,102,Bronzong,https://assets.tcgdex.net/en/swsh/swsh5/102/high.png,0
swsh5-103,BST,SWSH,103,Pawniard,https://assets.tcgdex.net/en/swsh/swsh5/103/high.png,0
swsh5-104,BST,SWSH,104,Bisharp,https://assets.tcgdex.net/en/swsh/swsh5/104/high.png,0
swsh5-105,BST,SWSH,105,Honedge,https://assets.tcgdex.net/en/swsh/swsh5/105/high.png,0
swsh5-106,BST,SWSH,106,Doublade,https://assets.tcgdex.net/en/swsh/swsh5/106/high.png,0
swsh5-107,BST,SWSH,107,Aegislash,https://assets.tcgdex.net/en/swsh/swsh5/107/high.png,0
swsh5-108,BST,SWSH,108,Aegislash,https://assets.tcgdex.net/en/swsh/swsh5/108/high.png,0
swsh5-109,BST,SWSH,109,Corviknight V,https://assets.tcgdex.net/en/swsh/swsh5/109/high.png,0
swsh5-110,BST,SWSH,110,Corviknight VMAX,https://assets.tcgdex.net/en/swsh/swsh5/110/high.png,0
swsh5-111,BST,SWSH,111,Spearow,https://assets.tcgdex.net/en/swsh/swsh5/111/high.png,0
swsh5-112,BST,SWSH,112,Fearow,https://assets.tcgdex.net/en/swsh/swsh5/112/high.png,0
swsh5-113,BST,SWSH,113,Lickitung,https://assets.tcgdex.net/en/swsh/swsh5/113/high.png,0
swsh5-114,BST,SWSH,114,Lickilicky,https://assets.tcgdex.net/en/swsh/swsh5/114/high.png,0
swsh5-115,BST,SWSH,115,Glameow,https://assets.tcgdex.net/en/swsh/swsh5/115/high.png,0
swsh5-116,BST,SWSH,116,Purugly,https://assets.tcgdex.net/en/swsh/swsh5/116/high.png,0
swsh5-117,BST,SWSH,117,Stoutland V,https://assets.tcgdex.net/en/swsh/swsh5/117/high.png,0
swsh5-118,BST,SWSH,118,Bouffalant,https://assets.tcgdex.net/en/swsh/swsh5/118/high.png,0
swsh5-119,BST,SWSH,119,Drampa,https://assets.tcgdex.net/en/swsh/swsh5/119/high.png,0
swsh5-120,BST,SWSH,120,Indeedee,https://assets.tcgdex.net/en/swsh/swsh5/120/high.png,0
swsh5-142,BST,SWSH,142,Kricketune V,https://assets.tcgdex.net/en/swsh/swsh5/142/high.png,0
swsh5-143,BST,SWSH,143,Flapple V,https://assets.tcgdex.net/en/swsh/swsh5/143/high.png,0
swsh5-144,BST,SWSH,144,Victini V,https://assets.tcgdex.net/en/swsh/swsh5/144/high.png,0
swsh5-145,BST,SWSH,145,Empoleon V,https://assets.tcgdex.net/en/swsh/swsh5/145/high.png,0
swsh5-146,BST,SWSH,146,Empoleon V,https://assets.tcgdex.net/en/swsh/swsh5/146/high.png,0
swsh5-147,BST,SWSH,147,Tapu Koko V,https://assets.tcgdex.net/en/swsh/swsh5/147/high.png,0
swsh5-148,BST,SWSH,148,Mimikyu V,https://assets.tcgdex.net/en/swsh/swsh5/148/high.png,0
swsh5-149,BST,SWSH,149,Necrozma V,https://assets.tcgdex.net/en/swsh/swsh5/149/high.png,0
swsh5-150,BST,SWSH,150,Single Strike Urshifu V,https://assets.tcgdex.net/en/swsh/swsh5/150/high.png,0
swsh5-151,BST,SWSH,151,Single Strike Urshifu V,https://assets.tcgdex.net/en/swsh/swsh5/151/high.png,0
swsh5-152,BST,SWSH,152,Rapid Strike Urshifu V,https://assets.tcgdex.net/en/swsh/swsh5/152/high.png,0
swsh5-153,BST,SWSH,153,Rapid Strike Urshifu V,https://assets.tcgdex.net/en/swsh/swsh5/153/high.png,0
swsh5-154,BST,SWSH,154,Tyranitar V,https://assets.tcgdex.net/en/swsh/swsh5/154/high.png,0
swsh5-155,BST,SWSH,155,Tyranitar V,https://assets.tcgdex.net/en/swsh/swsh5/155/high.png,0
swsh5-156,BST,SWSH,156,Corviknight V,https://assets.tcgdex.net/en/swsh/swsh5/156/high.png,0
swsh5-157,BST,SWSH,157,Stoutland V,https://assets.tcgdex.net/en/swsh/swsh5/157/high.png,0
swsh5-164,BST,SWSH,164,Flapple VMAX,https://assets.tcgdex.net/en/swsh/swsh5/164/high.png,0
swsh5-165,BST,SWSH,165,Victini VMAX,https://assets.tcgdex.net/en/swsh/swsh5/165/high.png,0
swsh5-166,BST,SWSH,166,Tapu Koko VMAX,https://assets.tcgdex.net/en/swsh/swsh5/166/high.png,0
swsh5-167,BST,SWSH,167,Single Strike Urshifu VMAX,https://assets.tcgdex.net/en/swsh/swsh5/167/high.png,0
swsh5-168,BST,SWSH,168,Single Strike Urshifu VMAX,https://assets.tcgdex.net/en/swsh/swsh5/168/high.png,0
swsh5-169,BST,SWSH,169,Rapid Strike Urshifu VMAX,https://assets.tcgdex.net/en/swsh/swsh5/169/high.png,0
swsh5-170,BST,SWSH,170,Rapid Strike Urshifu VMAX,https://assets.tcgdex.net/en/swsh/swsh5/170/high.png,0
swsh5-171,BST,SWSH,171,Corviknight VMAX,https://assets.tcgdex.net/en/swsh/swsh5/171/high.png,0
swsh5-178,BST,SWSH,178,Octillery,https://assets.tcgdex.net/en/swsh/swsh5/178/high.png,0
swsh5-179,BST,SWSH,179,Houndoom,https://assets.tcgdex.net/en/swsh/swsh5/179/high.png,0
