card_id,set_codigo,numero,nome,image_url,label
svp-001,SVP,001,Sprigatito,https://assets.tcgdex.net/en/sv/svp/001/high.png,0
svp-002,SVP,002,Fuecoco,https://assets.tcgdex.net/en/sv/svp/002/high.png,0
svp-003,SVP,003,Quaxly,https://assets.tcgdex.net/en/sv/svp/003/high.png,0
svp-004,SVP,004,Mimikyu ex,https://assets.tcgdex.net/en/sv/svp/004/high.png,0
svp-005,SVP,005,Quaquaval,https://assets.tcgdex.net/en/sv/svp/005/high.png,0
svp-006,SVP,006,Pawmot,https://assets.tcgdex.net/en/sv/svp/006/high.png,0
svp-007,SVP,007,Hawlucha,https://assets.tcgdex.net/en/sv/svp/007/high.png,0
svp-008,SVP,008,Revavroom,https://assets.tcgdex.net/en/sv/svp/008/high.png,0
svp-009,SVP,009,Spidops,https://assets.tcgdex.net/en/sv/svp/009/high.png,0
svp-010,SVP,010,Espathra,https://assets.tcgdex.net/en/sv/svp/010/high.png,0
svp-011,SVP,011,Arcanine,https://assets.tcgdex.net/en/sv/svp/011/high.png,0
svp-012,SVP,012,Dondozo,https://assets.tcgdex.net/en/sv/svp/012/high.png,0
svp-013,SVP,013,Miraidon,https://assets.tcgdex.net/en/sv/svp/013/high.png,0
svp-014,SVP,014,Koraidon,https://assets.tcgdex.net/en/sv/svp/014/high.png,0
svp-015,SVP,015,Flaaffy,https://assets.tcgdex.net/en/sv/svp/015/high.png,0
svp-016,SVP,016,Ampharos ex,https://assets.tcgdex.net/en/sv/svp/016/high.png,0
svp-017,SVP,017,Lucario ex,https://assets.tcgdex.net/en/sv/svp/017/high.png,0
svp-018,SVP,018,Cyclizar ex,https://assets.tcgdex.net/en/sv/svp/018/high.png,0
svp-019,SVP,019,Baxcalibur,https://assets.tcgdex.net/en/sv/svp/019/high.png,0
svp-020,SVP,020,Tinkaton,https://assets.tcgdex.net/en/sv/svp/020/high.png,0
svp-021,SVP,021,Murkrow,https://assets.tcgdex.net/en/sv/svp/021/high.png,0
svp-022,SVP,022,Pelipper,https://assets.tcgdex.net/en/sv/svp/022/high.png,0
svp-023,SVP,023,Smoliv,https://assets.tcgdex.net/en/sv/svp/023/high.png,0
svp-024,SVP,024,Growlithe,https://assets.tcgdex.net/en/sv/svp/024/high.png,0
svp-025,SVP,025,Tinkatink,https://assets.tcgdex.net/en/sv/svp/025/high.png,0
svp-026,SVP,026,Varoom,https://assets.tcgdex.net/en/sv/svp/026/high.png,0
svp-027,SVP,027,Pikachu,https://assets.tcgdex.net/en/sv/svp/027/high.png,0
svp-028,SVP,028,Miraidon ex,https://assets.tcgdex.net/en/sv/svp/028/high.png,0
svp-029,SVP,029,Koraidon ex,https://assets.tcgdex.net/en/sv/svp/029/high.png,0
svp-030,SVP,030,Chien-Pao ex,https://assets.tcgdex.net/en/sv/svp/030/high.png,0
svp-031,SVP,031,Tinkaton ex,https://assets.tcgdex.net/en/sv/svp/031/high.png,0
svp-032,SVP,032,Annihilape ex,https://assets.tcgdex.net/en/sv/svp/032/high.png,0
svp-033,SVP,033,Meowscarada ex,https://assets.tcgdex.net/en/sv/svp/033/high.png,0
svp-034,SVP,034,Skeledirge ex,https://assets.tcgdex.net/en/sv/svp/034/high.png,0
svp-035,SVP,035,Quaquaval ex,https://assets.tcgdex.net/en/sv/svp/035/high.png,0
svp-036,SVP,036,Palafin,https://assets.tcgdex.net/en/sv/svp/036/high.png,0
svp-037,SVP,037,Cleffa,https://assets.tcgdex.net/en/sv/svp/037/high.png,0
svp-038,SVP,038,Togekiss,https://assets.tcgdex.net/en/sv/svp/038/high.png,0
svp-039,SVP,039,Mawile,https://assets.tcgdex.net/en/sv/svp/039/high.png,0
svp-040,SVP,040,Pawmi,https://assets.tcgdex.net/en/sv/svp/040/high.png,0
svp-041,SVP,041,Paldean Wooper,https://assets.tcgdex.net/en/sv/svp/041/high.png,0
svp-042,SVP,042,Houndstone,https://assets.tcgdex.net/en/sv/svp/042/high.png,0
svp-043,SVP,043,Eevee,https://assets.tcgdex.net/en/sv/svp/043/high.png,0
svp-044,SVP,044,Charmander,https://assets.tcgdex.net/en/sv/svp/044/high.png,0
svp-046,SVP,046,Bulbasaur,https://assets.tcgdex.net/en/sv/svp/046/high.png,0
svp-047,SVP,047,Charmander,https://assets.tcgdex.net/en/sv/svp/047/high.png,0
svp-048,SVP,048,Squirtle,https://assets.tcgdex.net/en/sv/svp/048/high.png,0
svp-049,SVP,049,Zapdos ex,https://assets.tcgdex.net/en/sv/svp/049/high.png,0
svp-050,SVP,050,Alakazam ex,https://assets.tcgdex.net/en/sv/svp/050/high.png,0
svp-051,SVP,051,Snorlax,https://assets.tcgdex.net/en/sv/svp/051/high.png,0
svp-052,SVP,052,Mewtwo,https://assets.tcgdex.net/en/sv/svp/052/high.png,0
svp-053,SVP,053,Mew ex,https://assets.tcgdex.net/en/sv/svp/053/high.png,0
svp-054,SVP,054,Greninja ex,https://assets.tcgdex.net/en/sv/svp/054/high.png,0
svp-055,SVP,055,Kangaskhan ex,https://assets.tcgdex.net/en/sv/svp/055/high.png,0
svp-056,SVP,056,Charizard ex,https://assets.tcgdex.net/en/sv/svp/056/high.png,0
svp-057,SVP,057,Chi-Yu,https://assets.tcgdex.net/en/sv/svp/057/high.png,0
svp-058,SVP,058,Iron Bundle,https://assets.tcgdex.net/en/sv/svp/058/high.png,0
svp-059,SVP,059,Xatu,https://assets.tcgdex.net/en/sv/svp/059/high.png,0
svp-060,SVP,060,Aegislash,https://assets.tcgdex.net/en/sv/svp/060/high.png,0
svp-061,SVP,061,Pineco,https://assets.tcgdex.net/en/sv/svp/061/high.png,0
svp-062,SVP,062,Sinistea,https://assets.tcgdex.net/en/sv/svp/062/high.png,0
svp-063,SVP,063,Cetitan,https://assets.tcgdex.net/en/sv/svp/063/high.png,0
svp-064,SVP,064,Arctibax,https://assets.tcgdex.net/en/sv/svp/064/high.png,0
svp-065,SVP,065,Scream Tail,https://assets.tcgdex.net/en/sv/svp/065/high.png,0
svp-066,SVP,066,Iron Bundle,https://assets.tcgdex.net/en/sv/svp/066/high.png,0
svp-067,SVP,067,Roaring Moon ex,https://assets.tcgdex.net/en/sv/svp/067/high.png,0
svp-068,SVP,068,Iron Valiant ex,https://assets.tcgdex.net/en/sv/svp/068/high.png,0
svp-069,SVP,069,Fidough,https://assets.tcgdex.net/en/sv/svp/069/high.png,0
svp-070,SVP,070,Greavard,https://assets.tcgdex.net/en/sv/svp/070/high.png,0
svp-071,SVP,071,Maschiff,https://assets.tcgdex.net/en/sv/svp/071/high.png,0
svp-072,SVP,072,Great Tusk ex,https://assets.tcgdex.net/en/sv/svp/072/high.png,0
svp-073,SVP,073,Iron Treads ex,https://assets.tcgdex.net/en/sv/svp/073/high.png,0
svp-074,SVP,074,Charizard ex,https://assets.tcgdex.net/en/sv/svp/074/high.png,0
svp-075,SVP,075,Mimikyu,https://assets.tcgdex.net/en/sv/svp/075/high.png,0
svp-076,SVP,076,Sprigatito,https://assets.tcgdex.net/en/sv/svp/076/high.png,0
svp-077,SVP,077,Floragato,https://assets.tcgdex.net/en/sv/svp/077/high.png,0
svp-078,SVP,078,Meowscarada ex,https://assets.tcgdex.net/en/sv/svp/078/high.png,0
svp-079,SVP,079,Fuecoco,https://assets.tcgdex.net/en/sv/svp/079/high.png,0
svp-080,SVP,080,Crocalor,https://assets.tcgdex.net/en/sv/svp/080/high.png,0
svp-081,SVP,081,Skeledirge ex,https://assets.tcgdex.net/en/sv/svp/081/high.png,0
svp-082,SVP,082,Quaxly,https://assets.tcgdex.net/en/sv/svp/082/high.png,0
svp-083,SVP,083,Quaxwell,https://assets.tcgdex.net/en/sv/svp/083/high.png,0
svp-084,SVP,084,Quaquaval ex,https://assets.tcgdex.net/en/sv/svp/084/high.png,0
svp-086,SVP,086,Mabosstiff ex,https://assets.tcgdex.net/en/sv/svp/086/high.png,0
svp-087,SVP,087,Sprigatito ex,https://assets.tcgdex.net/en/sv/svp/087/high.png,0
svp-088,SVP,088,Pikachu,https://assets.tcgdex.net/en/sv/svp/088/high.png,0
svp-089,SVP,089,Feraligatr,https://assets.tcgdex.net/en/sv/svp/089/high.png,0
svp-090,SVP,090,Metang,https://assets.tcgdex.net/en/sv/svp/090/high.png,0
svp-091,SVP,091,Koraidon,https://assets.tcgdex.net/en/sv/svp/091/high.png,0
svp-092,SVP,092,Miraidon,https://assets.tcgdex.net/en/sv/svp/092/high.png,0
svp-093,SVP,093,Carvanha,https://assets.tcgdex.net/en/sv/svp/093/high.png,0
svp-094,SVP,094,Bellibolt,https://assets.tcgdex.net/en/sv/svp/094/high.png,0
svp-095,SVP,095,Cleffa,https://assets.tcgdex.net/en/sv/svp/095/high.png,0
svp-096,SVP,096,Cyclizar,https://assets.tcgdex.net/en/sv/svp/096/high.png,0
svp-097,SVP,097,Flutter Mane,https://assets.tcgdex.net/en/sv/svp/097/high.png,0
svp-098,SVP,098,Iron Thorns,https://assets.tcgdex.net/en/sv/svp/098/high.png,0
svp-099,SVP,099,Shroodle,https://assets.tcgdex.net/en/sv/svp/099/high.png,0
svp-100,SVP,100,Grafaiai ex,https://assets.tcgdex.net/en/sv/svp/100/high.png,0
svp-101,SVP,101,Pikachu,https://assets.tcgdex.net/en/sv/svp/101/high.png,0
svp-103,SVP,103,Houndoom ex,https://assets.tcgdex.net/en/sv/svp/103/high.png,0
svp-104,SVP,104,Melmetal ex,https://assets.tcgdex.net/en/sv/svp/104/high.png,0
svp-105,SVP,105,Armarouge ex,https://assets.tcgdex.net/en/sv/svp/105/high.png,0
svp-106,SVP,106,Pikachu ex,https://assets.tcgdex.net/en/sv/svp/106/high.png,0
svp-107,SVP,107,Mareep,https://assets.tcgdex.net/en/sv/svp/107/high.png,0
svp-108,SVP,108,Flaaffy,https://assets.tcgdex.net/en/sv/svp/108/high.png,0
svp-109,SVP,109,Ampharos,https://assets.tcgdex.net/en/sv/svp/109/high.png,0
svp-110,SVP,110,Darkrai ex,https://assets.tcgdex.net/en/sv/svp/110/high.png,0
svp-111,SVP,111,Pawniard,https://assets.tcgdex.net/en/sv/svp/111/high.png,0
svp-112,SVP,112,Bisharp,https://assets.tcgdex.net/en/sv/svp/112/high.png,0
svp-113,SVP,113,Kingambit,https://assets.tcgdex.net/en/sv/svp/113/high.png,0
svp-115,SVP,115,Thwackey,https://assets.tcgdex.net/en/sv/svp/115/high.png,0
svp-116,SVP,116,Infernape,https://assets.tcgdex.net/en/sv/svp/116/high.png,0
svp-117,SVP,117,Froslass,https://assets.tcgdex.net/en/sv/svp/117/high.png,0
svp-118,SVP,118,Tatsugiri,https://assets.tcgdex.net/en/sv/svp/118/high.png,0
svp-119,SVP,119,Toxel,https://assets.tcgdex.net/en/sv/svp/119/high.png,0
svp-120,SVP,120,Pupitar,https://assets.tcgdex.net/en/sv/svp/120/high.png,0
svp-121,SVP,121,Revavroom,https://assets.tcgdex.net/en/sv/svp/121/high.png,0
svp-122,SVP,122,Snorlax,https://assets.tcgdex.net/en/sv/svp/122/high.png,0
svp-123,SVP,123,Teal Mask Ogerpon,https://assets.tcgdex.net/en/sv/svp/123/high.png,0
svp-125,SVP,125,Armarouge ex,https://assets.tcgdex.net/en/sv/svp/125/high.png,0
svp-126,SVP,126,Palafin ex,https://assets.tcgdex.net/en/sv/svp/126/high.png,0
svp-127,SVP,127,Walking Wake ex,https://assets.tcgdex.net/en/sv/svp/127/high.png,0
svp-128,SVP,128,Iron Leaves ex,https://assets.tcgdex.net/en/sv/svp/128/high.png,0
svp-129,SVP,129,Pecharunt,https://assets.tcgdex.net/en/sv/svp/129/high.png,0
svp-130,SVP,130,Kingambit,https://assets.tcgdex.net/en/sv/svp/130/high.png,0
svp-131,SVP,131,Kingdra ex,https://assets.tcgdex.net/en/sv/svp/131/high.png,0
svp-132,SVP,132,Greninja ex,https://assets.tcgdex.net/en/sv/svp/132/high.png,0
svp-133,SVP,133,Ledian,https://assets.tcgdex.net/en/sv/svp/133/high.png,0
svp-134,SVP,134,Crabominable,https://assets.tcgdex.net/en/sv/svp/134/high.png,0
svp-135,SVP,135,Drifblim,https://assets.tcgdex.net/en/sv/svp/135/high.png,0
svp-136,SVP,136,Bouffalant,https://assets.tcgdex.net/en/sv/svp/136/high.png,0
svp-137,SVP,137,Horsea,https://assets.tcgdex.net/en/sv/svp/137/high.png,0
svp-138,SVP,138,Porygon2,https://assets.tcgdex.net/en/sv/svp/138/high.png,0
svp-139,SVP,139,Latias,https://assets.tcgdex.net/en/sv/svp/139/high.png,0
svp-140,SVP,140,Tinkaton,https://assets.tcgdex.net/en/sv/svp/140/high.png,0
svp-141,SVP,141,Noctowl,https://assets.tcgdex.net/en/sv/svp/141/high.png,0
svp-142,SVP,142,Victini ex,https://assets.tcgdex.net/en/sv/svp/142/high.png,0
svp-143,SVP,143,Miraidon ex,https://assets.tcgdex.net/en/sv/svp/143/high.png,0
svp-144,SVP,144,Gouging Fire ex,https://assets.tcgdex.net/en/sv/svp/144/high.png,0
svp-145,SVP,145,Raging Bolt ex,https://assets.tcgdex.net/en/sv/svp/145/high.png,0
svp-146,SVP,146,Iron Crown ex,https://assets.tcgdex.net/en/sv/svp/146/high.png,0
svp-147,SVP,147,Iron Boulder ex,https://assets.tcgdex.net/en/sv/svp/147/high.png,0
svp-148,SVP,148,Miraidon,https://assets.tcgdex.net/en/sv/svp/148/high.png,0
svp-149,SVP,149,Pecharunt,https://assets.tcgdex.net/en/sv/svp/149/high.png,0
svp-151,SVP,151,Gouging Fire,https://assets.tcgdex.net/en/sv/svp/151/high.png,0
svp-152,SVP,152,Chien-Pao,https://assets.tcgdex.net/en/sv/svp/152/high.png,0
svp-153,SVP,153,Magneton,https://assets.tcgdex.net/en/sv/svp/153/high.png,0
svp-154,SVP,154,Indeedee,https://assets.tcgdex.net/en/sv/svp/154/high.png,0
svp-155,SVP,155,Wooper,https://assets.tcgdex.net/en/sv/svp/155/high.png,0
svp-156,SVP,156,Quagsire,https://assets.tcgdex.net/en/sv/svp/156/high.png,0
svp-157,SVP,157,Zapdos,https://assets.tcgdex.net/en/sv/svp/157/high.png,0
svp-158,SVP,158,Pachirisu,https://assets.tcgdex.net/en/sv/svp/158/high.png,0
svp-159,SVP,159,Magneton,https://assets.tcgdex.net/en/sv/svp/159/high.png,0
svp-160,SVP,160,Squawkabilly ex,https://assets.tcgdex.net/en/sv/svp/160/high.png,0
svp-161,SVP,161,Charizard ex,https://assets.tcgdex.net/en/sv/svp/161/high.png,0
svp-162,SVP,162,Houndstone ex,https://assets.tcgdex.net/en/sv/svp/162/high.png,0
svp-163,SVP,163,Cinderace ex,https://assets.tcgdex.net/en/sv/svp/163/high.png,0
svp-164,SVP,164,Lapras ex,https://assets.tcgdex.net/en/sv/svp/164/high.png,0
svp-165,SVP,165,Terapagos ex,https://assets.tcgdex.net/en/sv/svp/165/high.png,0
svp-166,SVP,166,Teal Mask Ogerpon ex,https://assets.tcgdex.net/en/sv/svp/166/high.png,0
svp-167,SVP,167,Flareon,https://assets.tcgdex.net/en/sv/svp/167/high.png,0
svp-168,SVP,168,Vaporeon,https://assets.tcgdex.net/en/sv/svp/168/high.png,0
svp-169,SVP,169,Jolteon,https://assets.tcgdex.net/en/sv/svp/169/high.png,0
svp-170,SVP,170,Leafeon,https://assets.tcgdex.net/en/sv/svp/170/high.png,0
svp-171,SVP,171,Glaceon,https://assets.tcgdex.net/en/sv/svp/171/high.png,0
svp-172,SVP,172,Sylveon,https://assets.tcgdex.net/en/sv/svp/172/high.png,0
svp-173,SVP,173,Eevee,https://assets.tcgdex.net/en/sv/svp/173/high.png,0
svp-174,SVP,174,Eevee ex,https://assets.tcgdex.net/en/sv/svp/174/high.png,0
svp-177,SVP,177,Bloodmoon Ursaluna ex,https://assets.tcgdex.net/en/sv/svp/177/high.png,0
svp-178,SVP,178,Kyogre ex,https://assets.tcgdex.net/en/sv/svp/178/high.png,0
svp-179,SVP,179,Xerneas ex,https://assets.tcgdex.net/en/sv/svp/179/high.png,0
svp-180,SVP,180,Dialga ex,https://assets.tcgdex.net/en/sv/svp/180/high.png,0
svp-181,SVP,181,N's Darmanitan,https://assets.tcgdex.net/en/sv/svp/181/high.png,0
svp-182,SVP,182,Iono's Kilowattrel,https://assets.tcgdex.net/en/sv/svp/182/high.png,0
svp-183,SVP,183,Lillie's Ribombee,https://assets.tcgdex.net/en/sv/svp/183/high.png,0
svp-184,SVP,184,Hop's Snorlax,https://assets.tcgdex.net/en/sv/svp/184/high.png,0
svp-185,SVP,185,Yanma,https://assets.tcgdex.net/en/sv/svp/185/high.png,0
svp-186,SVP,186,Scraggy,https://assets.tcgdex.net/en/sv/svp/186/high.png,0
svp-187,SVP,187,Yanmega,https://assets.tcgdex.net/en/sv/svp/187/high.png,0
svp-188,SVP,188,Scrafty,https://assets.tcgdex.net/en/sv/svp/188/high.png,0
svp-189,SVP,189,N's Zorua,https://assets.tcgdex.net/en/sv/svp/189/high.png,0
svp-193,SVP,193,Hop's Zacian ex,https://assets.tcgdex.net/en/sv/svp/193/high.png,0
svp-194,SVP,194,Iono's Bellibolt ex,https://assets.tcgdex.net/en/sv/svp/194/high.png,0
svp-195,SVP,195,Lillie's Clefairy ex,https://assets.tcgdex.net/en/sv/svp/195/high.png,0
svp-197,SVP,197,Koraidon ex,https://assets.tcgdex.net/en/sv/svp/197/high.png,0
svp-198,SVP,198,Zacian ex,https://assets.tcgdex.net/en/sv/svp/198/high.png,0
svp-206,SVP,206,Marnie's Morpeko,https://assets.tcgdex.net/en/sv/svp/206/high.png,0
svp-207,SVP,207,Steven's Beldum,https://assets.tcgdex.net/en/sv/svp/207/high.png,0
sv03.5-001,MEW,001,Bulbasaur,https://assets.tcgdex.net/en/sv/sv03.5/001/high.png,0
sv03.5-002,MEW,002,Ivysaur,https://assets.tcgdex.net/en/sv/sv03.5/002/high.png,0
sv03.5-003,MEW,003,Venusaur ex,https://assets.tcgdex.net/en/sv/sv03.5/003/high.png,0
sv03.5-004,MEW,004,Charmander,https://assets.tcgdex.net/en/sv/sv03.5/004/high.png,0
sv03.5-005,MEW,005,Charmeleon,https://assets.tcgdex.net/en/sv/sv03.5/005/high.png,0
sv03.5-006,MEW,006,Charizard ex,https://assets.tcgdex.net/en/sv/sv03.5/006/high.png,0
sv03.5-007,MEW,007,Squirtle,https://assets.tcgdex.net/en/sv/sv03.5/007/high.png,0
sv03.5-008,MEW,008,Wartortle,https://assets.tcgdex.net/en/sv/sv03.5/008/high.png,0
sv03.5-009,MEW,009,Blastoise ex,https://assets.tcgdex.net/en/sv/sv03.5/009/high.png,0
sv03.5-010,MEW,010,Caterpie,https://assets.tcgdex.net/en/sv/sv03.5/010/high.png,0
sv03.5-011,MEW,011,Metapod,https://assets.tcgdex.net/en/sv/sv03.5/011/high.png,0
sv03.5-012,MEW,012,Butterfree,https://assets.tcgdex.net/en/sv/sv03.5/012/high.png,0
sv03.5-013,MEW,013,Weedle,https://assets.tcgdex.net/en/sv/sv03.5/013/high.png,0
sv03.5-014,MEW,014,Kakuna,https://assets.tcgdex.net/en/sv/sv03.5/014/high.png,0
sv03.5-015,MEW,015,Beedrill,https://assets.tcgdex.net/en/sv/sv03.5/015/high.png,0
sv03.5-016,MEW,016,Pidgey,https://assets.tcgdex.net/en/sv/sv03.5/016/high.png,0
sv03.5-017,MEW,017,Pidgeotto,https://assets.tcgdex.net/en/sv/sv03.5/017/high.png,0
sv03.5-018,MEW,018,Pidgeot,https://assets.tcgdex.net/en/sv/sv03.5/018/high.png,0
sv03.5-019,MEW,019,Rattata,https://assets.tcgdex.net/en/sv/sv03.5/019/high.png,0
sv03.5-020,MEW,020,Raticate,https://assets.tcgdex.net/en/sv/sv03.5/020/high.png,0
sv03.5-021,MEW,021,Spearow,https://assets.tcgdex.net/en/sv/sv03.5/021/high.png,0
sv03.5-022,MEW,022,Fearow,https://assets.tcgdex.net/en/sv/sv03.5/022/high.png,0
sv03.5-023,MEW,023,Ekans,https://assets.tcgdex.net/en/sv/sv03.5/023/high.png,0
sv03.5-024,MEW,024,Arbok ex,https://assets.tcgdex.net/en/sv/sv03.5/024/high.png,0
sv03.5-025,MEW,025,Pikachu,https://assets.tcgdex.net/en/sv/sv03.5/025/high.png,0
sv03.5-026,MEW,026,Raichu,https://assets.tcgdex.net/en/sv/sv03.5/026/high.png,0
sv03.5-027,MEW,027,Sandshrew,https://assets.tcgdex.net/en/sv/sv03.5/027/high.png,0
sv03.5-028,MEW,028,Sandslash,https://assets.tcgdex.net/en/sv/sv03.5/028/high.png,0
sv03.5-029,MEW,029,Nidoran♀,https://assets.tcgdex.net/en/sv/sv03.5/029/high.png,0
sv03.5-030,MEW,030,Nidorina,https://assets.tcgdex.net/en/sv/sv03.5/030/high.png,0
sv03.5-031,MEW,031,Nidoqueen,https://assets.tcgdex.net/en/sv/sv03.5/031/high.png,0
sv03.5-032,MEW,032,Nidoran♂,https://assets.tcgdex.net/en/sv/sv03.5/032/high.png,0
sv03.5-033,MEW,033,Nidorino,https://assets.tcgdex.net/en/sv/sv03.5/033/high.png,0
sv03.5-034,MEW,034,Nidoking,https://assets.tcgdex.net/en/sv/sv03.5/034/high.png,0
sv03.5-035,MEW,035,Clefairy,https://assets.tcgdex.net/en/sv/sv03.5/035/high.png,0
sv03.5-036,MEW,036,Clefable,https://assets.tcgdex.net/en/sv/sv03.5/036/high.png,0
sv03.5-037,MEW,037,Vulpix,https://assets.tcgdex.net/en/sv/sv03.5/037/high.png,0
sv03.5-038,MEW,038,Ninetales ex,https://assets.tcgdex.net/en/sv/sv03.5/038/high.png,0
sv03.5-039,MEW,039,Jigglypuff,https://assets.tcgdex.net/en/sv/sv03.5/039/high.png,0
sv03.5-040,MEW,040,Wigglytuff ex,https://assets.tcgdex.net/en/sv/sv03.5/040/high.png,0
sv03.5-041,MEW,041,Zubat,https://assets.tcgdex.net/en/sv/sv03.5/041/high.png,0
sv03.5-042,MEW,042,Golbat,https://assets.tcgdex.net/en/sv/sv03.5/042/high.png,0
sv03.5-043,MEW,043,Oddish,https://assets.tcgdex.net/en/sv/sv03.5/043/high.png,0
sv03.5-044,MEW,044,Gloom,https://assets.tcgdex.net/en/sv/sv03.5/044/high.png,0
sv03.5-045,MEW,045,Vileplume,https://assets.tcgdex.net/en/sv/sv03.5/045/high.png,0
sv03.5-046,MEW,046,Paras,https://assets.tcgdex.net/en/sv/sv03.5/046/high.png,0
sv03.5-047,MEW,047,Parasect,https://assets.tcgdex.net/en/sv/sv03.5/047/high.png,0
sv03.5-048,MEW,048,Venonat,https://assets.tcgdex.net/en/sv/sv03.5/048/high.png,0
sv03.5-049,MEW,049,Venomoth,https://assets.tcgdex.net/en/sv/sv03.5/049/high.png,0
sv03.5-050,MEW,050,Diglett,https://assets.tcgdex.net/en/sv/sv03.5/050/high.png,0
sv03.5-051,MEW,051,Dugtrio,https://assets.tcgdex.net/en/sv/sv03.5/051/high.png,0
sv03.5-052,MEW,052,Meowth,https://assets.tcgdex.net/en/sv/sv03.5/052/high.png,0
sv03.5-053,MEW,053,Persian,https://assets.tcgdex.net/en/sv/sv03.5/053/high.png,0
sv03.5-054,MEW,054,Psyduck,https://assets.tcgdex.net/en/sv/sv03.5/054/high.png,0
sv03.5-055,MEW,055,Golduck,https://assets.tcgdex.net/en/sv/sv03.5/055/high.png,0
sv03.5-056,MEW,056,Mankey,https://assets.tcgdex.net/en/sv/sv03.5/056/high.png,0
sv03.5-057,MEW,057,Primeape,https://assets.tcgdex.net/en/sv/sv03.5/057/high.png,0
sv03.5-058,MEW,058,Growlithe,https://assets.tcgdex.net/en/sv/sv03.5/058/high.png,0
sv03.5-059,MEW,059,Arcanine,https://assets.tcgdex.net/en/sv/sv03.5/059/high.png,0
sv03.5-060,MEW,060,Poliwag,https://assets.tcgdex.net/en/sv/sv03.5/060/high.png,0
sv03.5-061,MEW,061,Poliwhirl,https://assets.tcgdex.net/en/sv/sv03.5/061/high.png,0
sv03.5-062,MEW,062,Poliwrath,https://assets.tcgdex.net/en/sv/sv03.5/062/high.png,0
sv03.5-063,MEW,063,Abra,https://assets.tcgdex.net/en/sv/sv03.5/063/high.png,0
sv03.5-064,MEW,064,Kadabra,https://assets.tcgdex.net/en/sv/sv03.5/064/high.png,0
sv03.5-065,MEW,065,Alakazam ex,https://assets.tcgdex.net/en/sv/sv03.5/065/high.png,0
sv03.5-066,MEW,066,Machop,https://assets.tcgdex.net/en/sv/sv03.5/066/high.png,0
sv03.5-067,MEW,067,Machoke,https://assets.tcgdex.net/en/sv/sv03.5/067/high.png,0
sv03.5-068,MEW,068,Machamp,https://assets.tcgdex.net/en/sv/sv03.5/068/high.png,0
sv03.5-069,MEW,069,Bellsprout,https://assets.tcgdex.net/en/sv/sv03.5/069/high.png,0
sv03.5-070,MEW,070,Weepinbell,https://assets.tcgdex.net/en/sv/sv03.5/070/high.png,0
sv03.5-071,MEW,071,Victreebel,https://assets.tcgdex.net/en/sv/sv03.5/071/high.png,0
sv03.5-072,MEW,072,Tentacool,https://assets.tcgdex.net/en/sv/sv03.5/072/high.png,0
sv03.5-073,MEW,073,Tentacruel,https://assets.tcgdex.net/en/sv/sv03.5/073/high.png,0
sv03.5-074,MEW,074,Geodude,https://assets.tcgdex.net/en/sv/sv03.5/074/high.png,0
sv03.5-075,MEW,075,Graveler,https://assets.tcgdex.net/en/sv/sv03.5/075/high.png,0
sv03.5-076,MEW,076,Golem ex,https://assets.tcgdex.net/en/sv/sv03.5/076/high.png,0
sv03.5-077,MEW,077,Ponyta,https://assets.tcgdex.net/en/sv/sv03.5/077/high.png,0
sv03.5-078,MEW,078,Rapidash,https://assets.tcgdex.net/en/sv/sv03.5/078/high.png,0
sv03.5-079,MEW,079,Slowpoke,https://assets.tcgdex.net/en/sv/sv03.5/079/high.png,0
sv03.5-080,MEW,080,Slowbro,https://assets.tcgdex.net/en/sv/sv03.5/080/high.png,0
sv03.5-081,MEW,081,Magnemite,https://assets.tcgdex.net/en/sv/sv03.5/081/high.png,0
sv03.5-082,MEW,082,Magneton,https://assets.tcgdex.net/en/sv/sv03.5/082/high.png,0
sv03.5-083,MEW,083,Farfetch'd,https://assets.tcgdex.net/en/sv/sv03.5/083/high.png,0
sv03.5-084,MEW,084,Doduo,https://assets.tcgdex.net/en/sv/sv03.5/084/high.png,0
sv03.5-085,MEW,085,Dodrio,https://assets.tcgdex.net/en/sv/sv03.5/085/high.png,0
sv03.5-086,MEW,086,Seel,https://assets.tcgdex.net/en/sv/sv03.5/086/high.png,0
sv03.5-087,MEW,087,Dewgong,https://assets.tcgdex.net/en/sv/sv03.5/087/high.png,0
sv03.5-088,MEW,088,Grimer,https://assets.tcgdex.net/en/sv/sv03.5/088/high.png,0
sv03.5-089,MEW,089,Muk,https://assets.tcgdex.net/en/sv/sv03.5/089/high.png,0
sv03.5-090,MEW,090,Shellder,https://assets.tcgdex.net/en/sv/sv03.5/090/high.png,0
sv03.5-091,MEW,091,Cloyster,https://assets.tcgdex.net/en/sv/sv03.5/091/high.png,0
sv03.5-092,MEW,092,Gastly,https://assets.tcgdex.net/en/sv/sv03.5/092/high.png,0
sv03.5-093,MEW,093,Haunter,https://assets.tcgdex.net/en/sv/sv03.5/093/high.png,0
sv03.5-094,MEW,094,Gengar,https://assets.tcgdex.net/en/sv/sv03.5/094/high.png,0
sv03.5-095,MEW,095,Onix,https://assets.tcgdex.net/en/sv/sv03.5/095/high.png,0
sv03.5-096,MEW,096,Drowzee,https://assets.tcgdex.net/en/sv/sv03.5/096/high.png,0
sv03.5-097,MEW,097,Hypno,https://assets.tcgdex.net/en/sv/sv03.5/097/high.png,0
sv03.5-098,MEW,098,Krabby,https://assets.tcgdex.net/en/sv/sv03.5/098/high.png,0
sv03.5-099,MEW,099,Kingler,https://assets.tcgdex.net/en/sv/sv03.5/099/high.png,0
sv03.5-100,MEW,100,Voltorb,https://assets.tcgdex.net/en/sv/sv03.5/100/high.png,0
sv03.5-101,MEW,101,Electrode,https://assets.tcgdex.net/en/sv/sv03.5/101/high.png,0
sv03.5-102,MEW,102,Exeggcute,https://assets.tcgdex.net/en/sv/sv03.5/102/high.png,0
sv03.5-103,MEW,103,Exeggutor,https://assets.tcgdex.net/en/sv/sv03.5/103/high.png,0
sv03.5-104,MEW,104,Cubone,https://assets.tcgdex.net/en/sv/sv03.5/104/high.png,0
sv03.5-105,MEW,105,Marowak,https://assets.tcgdex.net/en/sv/sv03.5/105/high.png,0
sv03.5-106,MEW,106,Hitmonlee,https://assets.tcgdex.net/en/sv/sv03.5/106/high.png,0
sv03.5-107,MEW,107,Hitmonchan,https://assets.tcgdex.net/en/sv/sv03.5/107/high.png,0
sv03.5-108,MEW,108,Lickitung,https://assets.tcgdex.net/en/sv/sv03.5/108/high.png,0
sv03.5-109,MEW,109,Koffing,https://assets.tcgdex.net/en/sv/sv03.5/109/high.png,0
sv03.5-110,MEW,110,Weezing,https://assets.tcgdex.net/en/sv/sv03.5/110/high.png,0
sv03.5-111,MEW,111,Rhyhorn,https://assets.tcgdex.net/en/sv/sv03.5/111/high.png,0
sv03.5-112,MEW,112,Rhydon,https://assets.tcgdex.net/en/sv/sv03.5/112/high.png,0
sv03.5-113,MEW,113,Chansey,https://assets.tcgdex.net/en/sv/sv03.5/113/high.png,0
sv03.5-114,MEW,114,Tangela,https://assets.tcgdex.net/en/sv/sv03.5/114/high.png,0
sv03.5-115,MEW,115,Kangaskhan ex,https://assets.tcgdex.net/en/sv/sv03.5/115/high.png,0
sv03.5-116,MEW,116,Horsea,https://assets.tcgdex.net/en/sv/sv03.5/116/high.png,0
sv03.5-117,MEW,117,Seadra,https://assets.tcgdex.net/en/sv/sv03.5/117/high.png,0
sv03.5-118,MEW,118,Goldeen,https://assets.tcgdex.net/en/sv/sv03.5/118/high.png,0
sv03.5-119,MEW,119,Seaking,https://assets.tcgdex.net/en/sv/sv03.5/119/high.png,0
sv03.5-120,MEW,120,Staryu,https://assets.tcgdex.net/en/sv/sv03.5/120/high.png,0
sv03.5-121,MEW,121,Starmie,https://assets.tcgdex.net/en/sv/sv03.5/121/high.png,0
sv03.5-122,MEW,122,Mr. Mime,https://assets.tcgdex.net/en/sv/sv03.5/122/high.png,0
sv03.5-123,MEW,123,Scyther,https://assets.tcgdex.net/en/sv/sv03.5/123/high.png,0
sv03.5-124,MEW,124,Jynx ex,https://assets.tcgdex.net/en/sv/sv03.5/124/high.png,0
sv03.5-125,MEW,125,Electabuzz,https://assets.tcgdex.net/en/sv/sv03.5/125/high.png,0
sv03.5-126,MEW,126,Magmar,https://assets.tcgdex.net/en/sv/sv03.5/126/high.png,0
sv03.5-127,MEW,127,Pinsir,https://assets.tcgdex.net/en/sv/sv03.5/127/high.png,0
sv03.5-128,MEW,128,Tauros,https://assets.tcgdex.net/en/sv/sv03.5/128/high.png,0
sv03.5-129,MEW,129,Magikarp,https://assets.tcgdex.net/en/sv/sv03.5/129/high.png,0
sv03.5-130,MEW,130,Gyarados,https://assets.tcgdex.net/en/sv/sv03.5/130/high.png,0
sv03.5-131,MEW,131,Lapras,https://assets.tcgdex.net/en/sv/sv03.5/131/high.png,0
sv03.5-132,MEW,132,Ditto,https://assets.tcgdex.net/en/sv/sv03.5/132/high.png,0
sv03.5-133,MEW,133,Eevee,https://assets.tcgdex.net/en/sv/sv03.5/133/high.png,0
sv03.5-134,MEW,134,Vaporeon,https://assets.tcgdex.net/en/sv/sv03.5/134/high.png,0
sv03.5-135,MEW,135,Jolteon,https://assets.tcgdex.net/en/sv/sv03.5/135/high.png,0
sv03.5-136,MEW,136,Flareon,https://assets.tcgdex.net/en/sv/sv03.5/136/high.png,0
sv03.5-137,MEW,137,Porygon,https://assets.tcgdex.net/en/sv/sv03.5/137/high.png,0
sv03.5-138,MEW,138,Omanyte,https://assets.tcgdex.net/en/sv/sv03.5/138/high.png,0
sv03.5-139,MEW,139,Omastar,https://assets.tcgdex.net/en/sv/sv03.5/139/high.png,0
sv03.5-140,MEW,140,Kabuto,https://assets.tcgdex.net/en/sv/sv03.5/140/high.png,0
sv03.5-141,MEW,141,Kabutops,https://assets.tcgdex.net/en/sv/sv03.5/141/high.png,0
sv03.5-142,MEW,142,Aerodactyl,https://assets.tcgdex.net/en/sv/sv03.5/142/high.png,0
sv03.5-143,MEW,143,Snorlax,https://assets.tcgdex.net/en/sv/sv03.5/143/high.png,0
sv03.5-144,MEW,144,Articuno,https://assets.tcgdex.net/en/sv/sv03.5/144/high.png,0
sv03.5-145,MEW,145,Zapdos ex,https://assets.tcgdex.net/en/sv/sv03.5/145/high.png,0
sv03.5-146,MEW,146,Moltres,https://assets.tcgdex.net/en/sv/sv03.5/146/high.png,0
sv03.5-147,MEW,147,Dratini,https://assets.tcgdex.net/en/sv/sv03.5/147/high.png,0
sv03.5-148,MEW,148,Dragonair,https://assets.tcgdex.net/en/sv/sv03.5/148/high.png,0
sv03.5-149,MEW,149,Dragonite,https://assets.tcgdex.net/en/sv/sv03.5/149/high.png,0
sv03.5-150,MEW,150,Mewtwo,https://assets.tcgdex.net/en/sv/sv03.5/150/high.png,0
sv03.5-151,MEW,151,Mew ex,https://assets.tcgdex.net/en/sv/sv03.5/151/high.png,0
sv03.5-166,MEW,166,Bulbasaur,https://assets.tcgdex.net/en/sv/sv03.5/166/high.png,0
sv03.5-167,MEW,167,Ivysaur,https://assets.tcgdex.net/en/sv/sv03.5/167/high.png,0
sv03.5-168,MEW,168,Charmander,https://assets.tcgdex.net/en/sv/sv03.5/168/high.png,0
sv03.5-169,MEW,169,Charmeleon,https://assets.tcgdex.net/en/sv/sv03.5/169/high.png,0
sv03.5-170,MEW,170,Squirtle,https://assets.tcgdex.net/en/sv/sv03.5/170/high.png,0
sv03.5-171,MEW,171,Wartortle,https://assets.tcgdex.net/en/sv/sv03.5/171/high.png,0
sv03.5-172,MEW,172,Caterpie,https://assets.tcgdex.net/en/sv/sv03.5/172/high.png,0
sv03.5-173,MEW,173,Pikachu,https://assets.tcgdex.net/en/sv/sv03.5/173/high.png,0
sv03.5-174,MEW,174,Nidoking,https://assets.tcgdex.net/en/sv/sv03.5/174/high.png,0
sv03.5-175,MEW,175,Psyduck,https://assets.tcgdex.net/en/sv/sv03.5/175/high.png,0
sv03.5-176,MEW,176,Poliwhirl,https://assets.tcgdex.net/en/sv/sv03.5/176/high.png,0
sv03.5-177,MEW,177,Machoke,https://assets.tcgdex.net/en/sv/sv03.5/177/high.png,0
sv03.5-178,MEW,178,Tangela,https://assets.tcgdex.net/en/sv/sv03.5/178/high.png,0
sv03.5-179,MEW,179,Mr. Mime,https://assets.tcgdex.net/en/sv/sv03.5/179/high.png,0
sv03.5-180,MEW,180,Omanyte,https://assets.tcgdex.net/en/sv/sv03.5/180/high.png,0
sv03.5-181,MEW,181,Dragonair,https://assets.tcgdex.net/en/sv/sv03.5/181/high.png,0
sv03.5-182,MEW,182,Venusaur ex,https://assets.tcgdex.net/en/sv/sv03.5/182/high.png,0
sv03.5-183,MEW,183,Charizard ex,https://assets.tcgdex.net/en/sv/sv03.5/183/high.png,0
sv03.5-184,MEW,184,Blastoise ex,https://assets.tcgdex.net/en/sv/sv03.5/184/high.png,0
sv03.5-185,MEW,185,Arbok ex,https://assets.tcgdex.net/en/sv/sv03.5/185/high.png,0
sv03.5-186,MEW,186,Ninetales ex,https://assets.tcgdex.net/en/sv/sv03.5/186/high.png,0
sv03.5-187,MEW,187,Wigglytuff ex,https://assets.tcgdex.net/en/sv/sv03.5/187/high.png,0
sv03.5-188,MEW,188,Alakazam ex,https://assets.tcgdex.net/en/sv/sv03.5/188/high.png,0
sv03.5-189,MEW,189,Golem ex,https://assets.tcgdex.net/en/sv/sv03.5/189/high.png,0
sv03.5-190,MEW,190,Kangaskhan ex,https://assets.tcgdex.net/en/sv/sv03.5/190/high.png,0
sv03.5-191,MEW,191,Jynx ex,https://assets.tcgdex.net/en/sv/sv03.5/191/high.png,0
sv03.5-192,MEW,192,Zapdos ex,https://assets.tcgdex.net/en/sv/sv03.5/192/high.png,0
sv03.5-193,MEW,193,Mew ex,https://assets.tcgdex.net/en/sv/sv03.5/193/high.png,0
sv03.5-198,MEW,198,Venusaur ex,https://assets.tcgdex.net/en/sv/sv03.5/198/high.png,0
sv03.5-199,MEW,199,Charizard ex,https://assets.tcgdex.net/en/sv/sv03.5/199/high.png,0
sv03.5-200,MEW,200,Blastoise ex,https://assets.tcgdex.net/en/sv/sv03.5/200/high.png,0
sv03.5-201,MEW,201,Alakazam ex,https://assets.tcgdex.net/en/sv/sv03.5/201/high.png,0
sv03.5-202,MEW,202,Zapdos ex,https://assets.tcgdex.net/en/sv/sv03.5/202/high.png,0
sv03.5-205,MEW,205,Mew ex,https://assets.tcgdex.net/en/sv/sv03.5/205/high.png,0
sv10.5w-001,WHT,001,Sewaddle,https://assets.tcgdex.net/en/sv/sv10.5w/001/high.png,0
sv10.5w-002,WHT,002,Swadloon,https://assets.tcgdex.net/en/sv/sv10.5w/002/high.png,0
sv10.5w-003,WHT,003,Leavanny,https://assets.tcgdex.net/en/sv/sv10.5w/003/high.png,0
sv10.5w-004,WHT,004,Cottonee,https://assets.tcgdex.net/en/sv/sv10.5w/004/high.png,0
sv10.5w-005,WHT,005,Whimsicott ex,https://assets.tcgdex.net/en/sv/sv10.5w/005/high.png,0
sv10.5w-006,WHT,006,Deerling,https://assets.tcgdex.net/en/sv/sv10.5w/006/high.png,0
sv10.5w-007,WHT,007,Sawsbuck,https://assets.tcgdex.net/en/sv/sv10.5w/007/high.png,0
sv10.5w-008,WHT,008,Shelmet,https://assets.tcgdex.net/en/sv/sv10.5w/008/high.png,0
sv10.5w-009,WHT,009,Accelgor,https://assets.tcgdex.net/en/sv/sv10.5w/009/high.png,0
sv10.5w-010,WHT,010,Virizion,https://assets.tcgdex.net/en/sv/sv10.5w/010/high.png,0
sv10.5w-011,WHT,011,Tepig,https://assets.tcgdex.net/en/sv/sv10.5w/011/high.png,0
sv10.5w-012,WHT,012,Pignite,https://assets.tcgdex.net/en/sv/sv10.5w/012/high.png,0
sv10.5w-013,WHT,013,Emboar,https://assets.tcgdex.net/en/sv/sv10.5w/013/high.png,0
sv10.5w-014,WHT,014,Pansear,https://assets.tcgdex.net/en/sv/sv10.5w/014/high.png,0
sv10.5w-015,WHT,015,Simisear,https://assets.tcgdex.net/en/sv/sv10.5w/015/high.png,0
sv10.5w-016,WHT,016,Litwick,https://assets.tcgdex.net/en/sv/sv10.5w/016/high.png,0
sv10.5w-017,WHT,017,Lampent,https://assets.tcgdex.net/en/sv/sv10.5w/017/high.png,0
sv10.5w-018,WHT,018,Chandelure,https://assets.tcgdex.net/en/sv/sv10.5w/018/high.png,0
sv10.5w-019,WHT,019,Heatmor,https://assets.tcgdex.net/en/sv/sv10.5w/019/high.png,0
sv10.5w-020,WHT,020,Reshiram ex,https://assets.tcgdex.net/en/sv/sv10.5w/020/high.png,0
sv10.5w-021,WHT,021,Oshawott,https://assets.tcgdex.net/en/sv/sv10.5w/021/high.png,0
sv10.5w-022,WHT,022,Dewott,https://assets.tcgdex.net/en/sv/sv10.5w/022/high.png,0
sv10.5w-023,WHT,023,Samurott,https://assets.tcgdex.net/en/sv/sv10.5w/023/high.png,0
sv10.5w-024,WHT,024,Basculin,https://assets.tcgdex.net/en/sv/sv10.5w/024/high.png,0
sv10.5w-025,WHT,025,Ducklett,https://assets.tcgdex.net/en/sv/sv10.5w/025/high.png,0
sv10.5w-026,WHT,026,Swanna,https://assets.tcgdex.net/en/sv/sv10.5w/026/high.png,0
sv10.5w-027,WHT,027,Vanillite,https://assets.tcgdex.net/en/sv/sv10.5w/027/high.png,0
sv10.5w-028,WHT,028,Vanillish,https://assets.tcgdex.net/en/sv/sv10.5w/028/high.png,0
sv10.5w-029,WHT,029,Vanilluxe,https://assets.tcgdex.net/en/sv/sv10.5w/029/high.png,0
sv10.5w-030,WHT,030,Keldeo ex,https://assets.tcgdex.net/en/sv/sv10.5w/030/high.png,0
sv10.5w-031,WHT,031,Blitzle,https://assets.tcgdex.net/en/sv/sv10.5w/031/high.png,0
sv10.5w-032,WHT,032,Zebstrika,https://assets.tcgdex.net/en/sv/sv10.5w/032/high.png,0
sv10.5w-033,WHT,033,Joltik,https://assets.tcgdex.net/en/sv/sv10.5w/033/high.png,0
sv10.5w-034,WHT,034,Galvantula,https://assets.tcgdex.net/en/sv/sv10.5w/034/high.png,0
sv10.5w-035,WHT,035,Stunfisk,https://assets.tcgdex.net/en/sv/sv10.5w/035/high.png,0
sv10.5w-036,WHT,036,Woobat,https://assets.tcgdex.net/en/sv/sv10.5w/036/high.png,0
sv10.5w-037,WHT,037,Swoobat,https://assets.tcgdex.net/en/sv/sv10.5w/037/high.png,0
sv10.5w-038,WHT,038,Sigilyph,https://assets.tcgdex.net/en/sv/sv10.5w/038/high.png,0
sv10.5w-039,WHT,039,Yamask,https://assets.tcgdex.net/en/sv/sv10.5w/039/high.png,0
sv10.5w-040,WHT,040,Cofagrigus,https://assets.tcgdex.net/en/sv/sv10.5w/040/high.png,0
sv10.5w-041,WHT,041,Gothita,https://assets.tcgdex.net/en/sv/sv10.5w/041/high.png,0
sv10.5w-042,WHT,042,Gothorita,https://assets.tcgdex.net/en/sv/sv10.5w/042/high.png,0
sv10.5w-043,WHT,043,Gothitelle,https://assets.tcgdex.net/en/sv/sv10.5w/043/high.png,0
sv10.5w-044,WHT,044,Frillish,https://assets.tcgdex.net/en/sv/sv10.5w/044/high.png,0
sv10.5w-045,WHT,045,Jellicent ex,https://assets.tcgdex.net/en/sv/sv10.5w/045/high.png,0
sv10.5w-046,WHT,046,Roggenrola,https://assets.tcgdex.net/en/sv/sv10.5w/046/high.png,0
sv10.5w-047,WHT,047,Boldore,https://assets.tcgdex.net/en/sv/sv10.5w/047/high.png,0
sv10.5w-048,WHT,048,Gigalith,https://assets.tcgdex.net/en/sv/sv10.5w/048/high.png,0
sv10.5w-049,WHT,049,Sawk,https://assets.tcgdex.net/en/sv/sv10.5w/049/high.png,0
sv10.5w-050,WHT,050,Archen,https://assets.tcgdex.net/en/sv/sv10.5w/050/high.png,0
sv10.5w-051,WHT,051,Archeops,https://assets.tcgdex.net/en/sv/sv10.5w/051/high.png,0
sv10.5w-052,WHT,052,Mienfoo,https://assets.tcgdex.net/en/sv/sv10.5w/052/high.png,0
sv10.5w-053,WHT,053,Mienshao,https://assets.tcgdex.net/en/sv/sv10.5w/053/high.png,0
sv10.5w-054,WHT,054,Terrakion,https://assets.tcgdex.net/en/sv/sv10.5w/054/high.png,0
sv10.5w-055,WHT,055,Purrloin,https://assets.tcgdex.net/en/sv/sv10.5w/055/high.png,0
sv10.5w-056,WHT,056,Liepard,https://assets.tcgdex.net/en/sv/sv10.5w/056/high.png,0
sv10.5w-057,WHT,057,Scraggy,https://assets.tcgdex.net/en/sv/sv10.5w/057/high.png,0
sv10.5w-058,WHT,058,Scrafty,https://assets.tcgdex.net/en/sv/sv10.5w/058/high.png,0
sv10.5w-059,WHT,059,Trubbish,https://assets.tcgdex.net/en/sv/sv10.5w/059/high.png,0
sv10.5w-060,WHT,060,Garbodor,https://assets.tcgdex.net/en/sv/sv10.5w/060/high.png,0
sv10.5w-061,WHT,061,Zorua,https://assets.tcgdex.net/en/sv/sv10.5w/061/high.png,0
sv10.5w-062,WHT,062,Zoroark,https://assets.tcgdex.net/en/sv/sv10.5w/062/high.png,0
sv10.5w-063,WHT,063,Vullaby,https://assets.tcgdex.net/en/sv/sv10.5w/063/high.png,0
sv10.5w-064,WHT,064,Mandibuzz,https://assets.tcgdex.net/en/sv/sv10.5w/064/high.png,0
sv10.5w-065,WHT,065,Deino,https://assets.tcgdex.net/en/sv/sv10.5w/065/high.png,0
sv10.5w-066,WHT,066,Zweilous,https://assets.tcgdex.net/en/sv/sv10.5w/066/high.png,0
sv10.5w-067,WHT,067,Hydreigon ex,https://assets.tcgdex.net/en/sv/sv10.5w/067/high.png,0
sv10.5w-068,WHT,068,Ferroseed,https://assets.tcgdex.net/en/sv/sv10.5w/068/high.png,0
sv10.5w-069,WHT,069,Ferrothorn,https://assets.tcgdex.net/en/sv/sv10.5w/069/high.png,0
sv10.5w-070,WHT,070,Durant,https://assets.tcgdex.net/en/sv/sv10.5w/070/high.png,0
sv10.5w-071,WHT,071,Druddigon,https://assets.tcgdex.net/en/sv/sv10.5w/071/high.png,0
sv10.5w-072,WHT,072,Patrat,https://assets.tcgdex.net/en/sv/sv10.5w/072/high.png,0
sv10.5w-073,WHT,073,Watchog,https://assets.tcgdex.net/en/sv/sv10.5w/073/high.png,0
sv10.5w-074,WHT,074,Lillipup,https://assets.tcgdex.net/en/sv/sv10.5w/074/high.png,0
sv10.5w-075,WHT,075,Herdier,https://assets.tcgdex.net/en/sv/sv10.5w/075/high.png,0
sv10.5w-076,WHT,076,Stoutland,https://assets.tcgdex.net/en/sv/sv10.5w/076/high.png,0
sv10.5w-077,WHT,077,Bouffalant ex,https://assets.tcgdex.net/en/sv/sv10.5w/077/high.png,0
sv10.5w-078,WHT,078,Tornadus,https://assets.tcgdex.net/en/sv/sv10.5w/078/high.png,0
sv10.5w-087,WHT,087,Sewaddle,https://assets.tcgdex.net/en/sv/sv10.5w/087/high.png,0
sv10.5w-088,WHT,088,Swadloon,https://assets.tcgdex.net/en/sv/sv10.5w/088/high.png,0
sv10.5w-089,WHT,089,Leavanny,https://assets.tcgdex.net/en/sv/sv10.5w/089/high.png,0
sv10.5w-090,WHT,090,Cottonee,https://assets.tcgdex.net/en/sv/sv10.5w/090/high.png,0
sv10.5w-091,WHT,091,Deerling,https://assets.tcgdex.net/en/sv/sv10.5w/091/high.png,0
sv10.5w-092,WHT,092,Sawsbuck,https://assets.tcgdex.net/en/sv/sv10.5w/092/high.png,0
sv10.5w-093,WHT,093,Shelmet,https://assets.tcgdex.net/en/sv/sv10.5w/093/high.png,0
sv10.5w-094,WHT,094,Accelgor,https://assets.tcgdex.net/en/sv/sv10.5w/094/high.png,0
sv10.5w-095,WHT,095,Virizion,https://assets.tcgdex.net/en/sv/sv10.5w/095/high.png,0
sv10.5w-096,WHT,096,Tepig,https://assets.tcgdex.net/en/sv/sv10.5w/096/high.png,0
sv10.5w-097,WHT,097,Pignite,https://assets.tcgdex.net/en/sv/sv10.5w/097/high.png,0
sv10.5w-098,WHT,098,Emboar,https://assets.tcgdex.net/en/sv/sv10.5w/098/high.png,0
sv10.5w-099,WHT,099,Pansear,https://assets.tcgdex.net/en/sv/sv10.5w/099/high.png,0
sv10.5w-100,WHT,100,Simisear,https://assets.tcgdex.net/en/sv/sv10.5w/100/high.png,0
sv10.5w-101,WHT,101,Litwick,https://assets.tcgdex.net/en/sv/sv10.5w/101/high.png,0
sv10.5w-102,WHT,102,Lampent,https://assets.tcgdex.net/en/sv/sv10.5w/102/high.png,0
sv10.5w-103,WHT,103,Chandelure,https://assets.tcgdex.net/en/sv/sv10.5w/103/high.png,0
sv10.5w-104,WHT,104,Heatmor,https://assets.tcgdex.net/en/sv/sv10.5w/104/high.png,0
sv10.5w-105,WHT,105,Oshawott,https://assets.tcgdex.net/en/sv/sv10.5w/105/high.png,0
sv10.5w-106,WHT,106,Dewott,https://assets.tcgdex.net/en/sv/sv10.5w/106/high.png,0
sv10.5w-107,WHT,107,Samurott,https://assets.tcgdex.net/en/sv/sv10.5w/107/high.png,0
sv10.5w-108,WHT,108,Basculin,https://assets.tcgdex.net/en/sv/sv10.5w/108/high.png,0
sv10.5w-109,WHT,109,Ducklett,https://assets.tcgdex.net/en/sv/sv10.5w/109/high.png,0
sv10.5w-110,WHT,110,Swanna,https://assets.tcgdex.net/en/sv/sv10.5w/110/high.png,0
sv10.5w-111,WHT,111,Vanillite,https://assets.tcgdex.net/en/sv/sv10.5w/111/high.png,0
sv10.5w-112,WHT,112,Vanillish,https://assets.tcgdex.net/en/sv/sv10.5w/112/high.png,0
sv10.5w-113,WHT,113,Vanilluxe,https://assets.tcgdex.net/en/sv/sv10.5w/113/high.png,0
sv10.5w-114,WHT,114,Blitzle,https://assets.tcgdex.net/en/sv/sv10.5w/114/high.png,0
sv10.5w-115,WHT,115,Zebstrika,https://assets.tcgdex.net/en/sv/sv10.5w/115/high.png,0
sv10.5w-116,WHT,116,Joltik,https://assets.tcgdex.net/en/sv/sv10.5w/116/high.png,0
sv10.5w-117,WHT,117,Galvantula,https://assets.tcgdex.net/en/sv/sv10.5w/117/high.png,0
sv10.5w-118,WHT,118,Stunfisk,https://assets.tcgdex.net/en/sv/sv10.5w/118/high.png,0
sv10.5w-119,WHT,119,Woobat,https://assets.tcgdex.net/en/sv/sv10.5w/119/high.png,0
sv10.5w-120,WHT,120,Swoobat,https://assets.tcgdex.net/en/sv/sv10.5w/120/high.png,0
sv10.5w-121,WHT,121,Sigilyph,https://assets.tcgdex.net/en/sv/sv10.5w/121/high.png,0
sv10.5w-122,WHT,122,Yamask,https://assets.tcgdex.net/en/sv/sv10.5w/122/high.png,0
sv10.5w-123,WHT,123,Cofagrigus,https://assets.tcgdex.net/en/sv/sv10.5w/123/high.png,0
sv10.5w-124,WHT,124,Gothita,https://assets.tcgdex.net/en/sv/sv10.5w/124/high.png,0
sv10.5w-125,WHT,125,Gothorita,https://assets.tcgdex.net/en/sv/sv10.5w/125/high.png,0
sv10.5w-126,WHT,126,Frillish,https://assets.tcgdex.net/en/sv/sv10.5w/126/high.png,0
sv10.5w-127,WHT,127,Roggenrola,https://assets.tcgdex.net/en/sv/sv10.5w/127/high.png,0
sv10.5w-128,WHT,128,Boldore,https://assets.tcgdex.net/en/sv/sv10.5w/128/high.png,0
sv10.5w-129,WHT,129,Gigalith,https://assets.tcgdex.net/en/sv/sv10.5w/129/high.png,0
sv10.5w-130,WHT,130,Sawk,https://assets.tcgdex.net/en/sv/sv10.5w/130/high.png,0
sv10.5w-131,WHT,131,Archen,https://assets.tcgdex.net/en/sv/sv10.5w/131/high.png,0
sv10.5w-132,WHT,132,Archeops,https://assets.tcgdex.net/en/sv/sv10.5w/132/high.png,0
sv10.5w-133,WHT,133,Mienfoo,https://assets.tcgdex.net/en/sv/sv10.5w/133/high.png,0
sv10.5w-134,WHT,134,Mienshao,https://assets.tcgdex.net/en/sv/sv10.5w/134/high.png,0
sv10.5w-135,WHT,135,Terrakion,https://assets.tcgdex.net/en/sv/sv10.5w/135/high.png,0
sv10.5w-136,WHT,136,Purrloin,https://assets.tcgdex.net/en/sv/sv10.5w/136/high.png,0
sv10.5w-137,WHT,137,Liepard,https://assets.tcgdex.net/en/sv/sv10.5w/137/high.png,0
sv10.5w-138,WHT,138,Scraggy,https://assets.tcgdex.net/en/sv/sv10.5w/138/high.png,0
sv10.5w-139,WHT,139,Scrafty,https://assets.tcgdex.net/en/sv/sv10.5w/139/high.png,0
sv10.5w-140,WHT,140,Trubbish,https://assets.tcgdex.net/en/sv/sv10.5w/140/high.png,0
sv10.5w-141,WHT,141,Garbodor,https://assets.tcgdex.net/en/sv/sv10.5w/141/high.png,0
sv10.5w-142,WHT,142,Zorua,https://assets.tcgdex.net/en/sv/sv10.5w/142/high.png,0
sv10.5w-143,WHT,143,Zoroark,https://assets.tcgdex.net/en/sv/sv10.5w/143/high.png,0
sv10.5w-144,WHT,144,Vullaby,https://assets.tcgdex.net/en/sv/sv10.5w/144/high.png,0
sv10.5w-145,WHT,145,Mandibuzz,https://assets.tcgdex.net/en/sv/sv10.5w/145/high.png,0
sv10.5w-146,WHT,146,Deino,https://assets.tcgdex.net/en/sv/sv10.5w/146/high.png,0
sv10.5w-147,WHT,147,Zweilous,https://assets.tcgdex.net/en/sv/sv10.5w/147/high.png,0
sv10.5w-148,WHT,148,Ferroseed,https://assets.tcgdex.net/en/sv/sv10.5w/148/high.png,0
sv10.5w-149,WHT,149,Ferrothorn,https://assets.tcgdex.net/en/sv/sv10.5w/149/high.png,0
sv10.5w-150,WHT,150,Durant,https://assets.tcgdex.net/en/sv/sv10.5w/150/high.png,0
sv10.5w-151,WHT,151,Druddigon,https://assets.tcgdex.net/en/sv/sv10.5w/151/high.png,0
sv10.5w-152,WHT,152,Patrat,https://assets.tcgdex.net/en/sv/sv10.5w/152/high.png,0
sv10.5w-153,WHT,153,Watchog,https://assets.tcgdex.net/en/sv/sv10.5w/153/high.png,0
sv10.5w-154,WHT,154,Lillipup,https://assets.tcgdex.net/en/sv/sv10.5w/154/high.png,0
sv10.5w-155,WHT,155,Herdier,https://assets.tcgdex.net/en/sv/sv10.5w/155/high.png,0
sv10.5w-156,WHT,156,Stoutland,https://assets.tcgdex.net/en/sv/sv10.5w/156/high.png,0
sv10.5w-157,WHT,157,Whimsicott ex,https://assets.tcgdex.net/en/sv/sv10.5w/157/high.png,0
sv10.5w-158,WHT,158,Reshiram ex,https://assets.tcgdex.net/en/sv/sv10.5w/158/high.png,0
sv10.5w-159,WHT,159,Keldeo ex,https://assets.tcgdex.net/en/sv/sv10.5w/159/high.png,0
sv10.5w-160,WHT,160,Jellicent ex,https://assets.tcgdex.net/en/sv/sv10.5w/160/high.png,0
sv10.5w-161,WHT,161,Hydreigon ex,https://assets.tcgdex.net/en/sv/sv10.5w/161/high.png,0
sv10.5w-162,WHT,162,Bouffalant ex,https://assets.tcgdex.net/en/sv/sv10.5w/162/high.png,0
sv10.5w-165,WHT,165,Whimsicott ex,https://assets.tcgdex.net/en/sv/sv10.5w/165/high.png,0
sv10.5w-166,WHT,166,Reshiram ex,https://assets.tcgdex.net/en/sv/sv10.5w/166/high.png,0
sv10.5w-167,WHT,167,Keldeo ex,https://assets.tcgdex.net/en/sv/sv10.5w/167/high.png,0
sv10.5w-168,WHT,168,Jellicent ex,https://assets.tcgdex.net/en/sv/sv10.5w/168/high.png,0
sv10.5w-169,WHT,169,Hydreigon ex,https://assets.tcgdex.net/en/sv/sv10.5w/169/high.png,0
sv10.5w-170,WHT,170,Bouffalant ex,https://assets.tcgdex.net/en/sv/sv10.5w/170/high.png,0
sv10.5w-172,WHT,172,Victini,https://assets.tcgdex.net/en/sv/sv10.5w/172/high.png,0
sv10.5w-173,WHT,173,Reshiram ex,https://assets.tcgdex.net/en/sv/sv10.5w/173/high.png,0
