card_id,y,prob
sv02-221,1,0.9050622
sv05-172,0,0.8964403
sv10.5w-118,0,0.8923887
sv03.5-175,0,0.8829174
sv07-143,1,0.86555296
sv10.5w-091,1,0.8462295
sv10.5w-124,0,0.8429474
sv10.5w-052,0,0.8423271
sv07-153,0,0.8398175
sv07-154,1,0.83380884
sv02-025,0,0.8336673
sv02-204,0,0.82905704
sv10.5w-138,0,0.82761544
sv10.5w-152,0,0.825381
sv10.5w-087,0,0.82252955
sv10.5w-093,0,0.8215778
svp-051,1,0.8185147
sv07-091,1,0.8180744
sv07-126,0,0.81788856
sv02-167,0,0.8167134
sv03.5-172,0,0.8136866
sv10.5w-101,0,0.80563575
sv03.5-166,1,0.80259734
sv07-152,0,0.79528886
sv07-148,0,0.78414774
sv05-169,0,0.73933226
sv10.5w-001,0,0.7378683
swsh5-24,0,0.7347962
sv05-173,1,0.7296007
sv05-167,1,0.7272666
sv07-146,0,0.72576064
sv02-158,0,0.7246665
sv03.5-050,0,0.7189814
sv10.5w-108,0,0.7174813
sv02-208,1,0.7172353
sv10.5w-133,0,0.70804113
sv07-113,0,0.7055621
sv10.5w-006,0,0.70429623
svp-044,0,0.6999732
sv03.5-102,0,0.69721824
sv07-017,0,0.69586444
sv02-229,1,0.6933685
sv05-184,0,0.68683976
sv10.5w-021,0,0.68585384
sv02-198,0,0.68432826
sv07-155,0,0.68420815
sv07-145,0,0.6793347
sv02-166,0,0.6681212
sv03.5-072,0,0.6678314
sv02-195,0,0.66566736
sv07-033,0,0.66349494
sv10.5w-144,0,0.6552556
sv02-044,0,0.6531866
sv10.5w-114,0,0.65301883
svp-088,0,0.65174866
sv10.5w-111,0,0.650664
sv10.5w-119,1,0.6485443
sv10.5w-105,1,0.6456279
swsh5-111,0,0.6432248
sv03.5-043,0,0.63907987
sv02-168,0,0.63745064
svp-115,0,0.6374211
sv02-226,1,0.635863
sv05-164,0,0.63510567
sv02-023,0,0.63456345
swsh5-81,0,0.6318373
svp-122,1,0.6315598
sv02-156,1,0.63082147
sv03.5-013,1,0.62500125
svp-037,0,0.6184291
sv10.5w-140,0,0.61533856
sv02-228,0,0.6149667
sv10.5w-154,0,0.6137904
sv10.5w-122,0,0.61334324
sv02-216,0,0.6116748
sv10.5w-113,0,0.6090684
sv10.5w-120,0,0.6089968
sv03.5-167,0,0.60894924
sv10.5w-139,0,0.6089318
sv02-128,0,0.608875
sv02-017,1,0.60880536
sv07-039,0,0.59969175
sv10.5w-059,0,0.5918011
svp-014,1,0.58773404
sv05-181,0,0.5873354
swsh5-101,0,0.5820508
svp-069,0,0.58114773
sv03.5-086,1,0.5778691
sv10.5w-156,0,0.57530886
swsh5-115,0,0.5737148
sv02-008,0,0.57277435
sv07-052,0,0.57073045
sv02-239,0,0.5692014
sv10.5w-102,0,0.5677376
sv05-180,0,0.56501925
sv05-116,0,0.56405723
sv07-147,0,0.5628727
sv02-214,0,0.5611398
sv05-075,0,0.55935335
sv02-129,0,0.5591808
sv10.5w-134,0,0.55738586
sv02-160,0,0.5570352
sv10.5w-060,0,0.5564066
sv02-225,0,0.5558923
swsh5-49,0,0.55460143
sv07-066,0,0.5530421
sv02-206,0,0.55264884
sv03.5-063,1,0.5525877
sv10.5w-100,0,0.55104226
sv03.5-174,0,0.54911786
sv10.5w-090,0,0.5486467
sv05-125,0,0.54818773
sv05-055,0,0.5459877
sv03.5-180,0,0.54527307
sv05-011,0,0.54374635
sv10.5w-148,0,0.5426812
sv07-077,0,0.54076165
sv03.5-054,0,0.5400892
sv02-112,1,0.53888685
sv05-089,0,0.53804123
sv05-177,0,0.53748727
sv02-010,0,0.53632826
swsh5-7,0,0.534402
sv03.5-178,0,0.5343352
swsh5-71,0,0.5340916
swsh5-1,0,0.5313674
sv05-179,0,0.5301805
sv07-015,0,0.5300445
sv02-197,0,0.5268544
swsh5-68,0,0.5261422
sv03.5-017,0,0.5242897
swsh5-38,0,0.5232243
sv05-182,0,0.5222185
sv02-026,0,0.5212395
sv03.5-133,0,0.518647
svp-026,0,0.5178253
sv02-144,0,0.5174529
sv05-165,0,0.5162345
swsh5-32,0,0.51604944
sv07-114,0,0.5151558
sv02-013,0,0.51486456
svp-061,0,0.51167566
sv10.5w-002,0,0.51033115
sv07-012,0,0.5081809
sv05-003,0,0.5081465
sv07-011,0,0.50759625
sv07-004,0,0.50653046
sv05-058,0,0.50440925
sv02-220,0,0.5029739
sv03.5-170,0,0.5011434
sv02-149,0,0.5008868
sv05-174,0,0.4974699
sv02-004,0,0.49281302
sv07-109,0,0.49140987
swsh5-62,0,0.4886749
sv07-043,0,0.4835849
sv02-106,0,0.48339552
sv03.5-051,0,0.48056743
sv10.5w-106,0,0.4803168
sv10.5w-141,1,0.47910908
svp-186,0,0.4782886
sv10.5w-126,0,0.47468045
sv05-132,0,0.47237673
sv10.5w-026,0,0.47227165
sv07-002,0,0.47078398
svp-079,0,0.47044805
swsh5-12,0,0.47042114
svp-070,0,0.47027397
sv10.5w-112,1,0.46967763
swsh5-31,0,0.4696323
sv03.5-044,0,0.46885782
sv10.5w-033,0,0.4663304
svp-173,1,0.46473145
sv05-014,0,0.4640382
sv10.5w-072,0,0.4631455
sv05-010,0,0.46274555
sv02-095,0,0.46053267
sv05-091,0,0.46025968
sv10.5w-109,0,0.4591876
sv02-157,1,0.45652685
sv03.5-045,0,0.45574537
sv05-002,0,0.45533276
sv05-168,0,0.45466128
sv07-102,0,0.452709
sv03.5-190,0,0.45253173
sv10.5w-089,0,0.45076215
sv02-207,0,0.450253
sv03.5-098,0,0.4475361
sv10.5w-099,0,0.44739825
sv05-006,0,0.44622096
sv07-094,0,0.44549394
sv02-034,0,0.44488135
sv05-070,0,0.4445097
svp-043,0,0.44435996
sv05-175,0,0.44414487
sv03.5-048,0,0.44393927
swsh5-106,0,0.44122538
svp-001,0,0.43964824
sv03.5-046,0,0.43893844
swsh5-52,0,0.43784887
sv05-100,0,0.43771216
sv02-201,0,0.43697846
sv07-034,0,0.4353717
swsh5-98,0,0.43525678
swsh5-17,0,0.4343604
svp-137,0,0.43383297
sv03.5-060,0,0.4328766
sv03.5-070,0,0.43276784
sv07-009,0,0.43199587
swsh5-69,0,0.43189928
sv03.5-127,0,0.43085265
sv10.5w-110,0,0.4307546
sv03.5-115,0,0.43051583
sv02-203,0,0.43051037
sv07-116,0,0.42947218
sv05-039,0,0.42841548
sv02-230,0,0.4280215
sv07-110,0,0.42722982
sv03.5-173,0,0.4267107
sv02-211,1,0.42651975
sv03.5-104,0,0.42576078
sv05-020,0,0.4254639
svp-053,0,0.42183977
swsh5-82,0,0.42107832
sv02-257,0,0.42019674
sv02-237,0,0.4198517
sv03.5-201,0,0.41971514
sv03.5-191,0,0.41966635
sv05-008,0,0.41897088
sv03.5-020,0,0.41875923
swsh5-64,0,0.4183044
sv02-058,0,0.41777676
sv05-170,0,0.41683608
sv05-048,0,0.4160699
swsh5-54,0,0.41562328
sv10.5w-153,0,0.41499537
sv07-108,0,0.4147903
sv10.5w-074,0,0.4147178
sv03.5-092,0,0.41453508
svp-023,0,0.41352794
sv05-082,0,0.41306278
svp-055,0,0.4125538
swsh5-116,0,0.41219068
sv07-045,0,0.41113743
sv05-083,0,0.40946174
sv02-196,1,0.40918028
svp-207,0,0.40854853
sv10.5w-036,1,0.4083461
sv10.5w-092,0,0.4083287
sv07-105,0,0.40832475
svp-040,0,0.4075395
svp-093,0,0.40602395
sv03.5-057,0,0.40347248
sv05-084,1,0.4029625
sv03.5-021,0,0.40241715
sv07-008,0,0.4020533
svp-118,0,0.4020331
swsh5-59,0,0.40179136
swsh5-4,0,0.40177724
sv03.5-177,0,0.40161547
sv03.5-181,0,0.401303
sv07-064,0,0.39993837
sv02-219,0,0.39941326
sv02-262,0,0.3983221
sv05-064,0,0.39720115
sv05-018,0,0.3971642
svp-189,1,0.396326
sv02-074,0,0.39624485
svp-075,0,0.395987
sv02-020,0,0.39467493
sv02-065,0,0.3946382
svp-039,0,0.38970184
swsh5-73,0,0.38922802
sv07-065,0,0.38914302
swsh5-95,0,0.3880361
sv07-035,0,0.38711262
sv02-100,0,0.38534224
sv03.5-132,0,0.38531333
svp-016,0,0.38517615
sv02-068,0,0.38449985
sv02-150,0,0.38407415
sv02-066,0,0.383845
swsh5-143,0,0.38381144
sv03.5-120,0,0.38325804
svp-019,0,0.38307813
sv03.5-113,0,0.3826439
sv02-199,0,0.38253668
svp-062,0,0.38238648
swsh5-43,0,0.3819398
sv10.5w-031,0,0.38143837
sv05-085,1,0.38128248
svp-174,0,0.38040158
sv03.5-143,0,0.37943816
sv02-045,0,0.37867618
sv03.5-071,0,0.3775615
sv10.5w-117,0,0.37687138
sv05-204,0,0.37522775
sv02-244,0,0.37507454
sv03.5-116,0,0.3742146
sv03.5-186,0,0.37416708
sv03.5-053,0,0.37377095
sv03.5-171,0,0.37330112
sv07-031,0,0.37293416
svp-159,0,0.37202728
swsh5-3,0,0.37116376
sv02-084,0,0.3701738
svp-111,0,0.3699166
sv02-151,0,0.36917984
sv02-145,0,0.3681437
sv02-209,0,0.36659753
swsh5-56,0,0.36603132
sv07-127,0,0.3649187
sv03.5-168,0,0.36394072
sv10.5w-004,0,0.36355838
sv10.5w-150,0,0.3632258
sv03.5-014,0,0.36288628
sv03.5-040,0,0.36206073
sv10.5w-028,1,0.3619611
swsh5-167,0,0.3618954
sv03.5-029,0,0.3608191
sv02-125,0,0.35816365
swsh5-117,0,0.35802674
sv05-129,1,0.35781914
sv02-003,0,0.35781404
sv03.5-123,0,0.35703093
svp-106,0,0.3569996
sv07-010,0,0.35686657
sv07-117,0,0.3566596
sv10.5w-041,0,0.35663047
swsh5-55,0,0.35643247
swsh5-46,0,0.35428217
sv10.5w-078,0,0.3531879
swsh5-105,0,0.35209492
sv02-054,0,0.3516194
sv03.5-101,0,0.3501929
swsh5-14,0,0.3500779
sv02-120,0,0.34962842
sv02-009,0,0.34862334
sv10.5w-065,0,0.34821004
sv03.5-056,0,0.34787098
sv10.5w-088,0,0.3473357
sv03.5-010,0,0.34732664
swsh5-70,0,0.34726906
sv05-059,0,0.34636447
sv10.5w-070,0,0.34476143
sv07-058,0,0.3445334
sv10.5w-127,0,0.34430587
sv02-002,0,0.34381884
sv07-169,0,0.34307334
sv10.5w-096,1,0.3424558
sv07-098,0,0.34154686
sv07-018,0,0.34143102
sv07-063,0,0.34023312
sv03.5-039,0,0.3395112
sv10.5w-063,0,0.33870822
sv07-124,0,0.33836567
sv07-054,0,0.33736315
swsh5-155,1,0.3371157
svp-027,0,0.33669707
sv07-160,0,0.33605486
sv03.5-069,0,0.33586806
svp-155,0,0.3358082
sv03.5-096,0,0.33543113
swsh5-114,0,0.33517176
swsh5-119,0,0.333018
sv10.5w-165,0,0.33241272
sv07-150,0,0.33219934
svp-143,0,0.3310816
sv03.5-019,0,0.3305785
svp-156,0,0.3305516
svp-107,0,0.33035153
sv10.5w-094,0,0.3291249
sv07-078,0,0.3282481
sv10.5w-136,0,0.32786062
sv02-053,0,0.32779202
sv02-264,0,0.32728583
sv03.5-001,0,0.32705376
sv10.5w-075,0,0.32641897
sv05-036,0,0.32641226
sv07-048,0,0.32538784
sv02-110,0,0.32538247
sv02-113,0,0.3250043
sv03.5-035,0,0.32361466
sv02-022,0,0.32306343
sv05-196,0,0.32200384
swsh5-113,0,0.32099548
sv07-056,0,0.32069033
sv03.5-099,0,0.32053983
sv05-138,0,0.31991366
sv10.5w-097,0,0.31964278
sv02-111,0,0.3193732
sv03.5-176,0,0.31889808
sv07-170,0,0.3186291
sv10.5w-157,0,0.3179058
swsh5-23,0,0.31733948
sv10.5w-170,0,0.31591183
swsh5-92,0,0.31469142
sv10.5w-010,0,0.31392273
swsh5-178,0,0.31365255
sv07-079,0,0.31337762
sv05-133,0,0.31323257
sv10.5w-155,0,0.31286988
sv02-169,0,0.31282213
sv05-016,0,0.31266266
swsh5-36,0,0.31263658
sv10.5w-003,0,0.31187114
sv02-124,0,0.3118603
sv07-087,0,0.31184998
svp-046,0,0.31152663
sv07-083,0,0.31063816
sv05-015,0,0.3102558
sv10.5w-147,0,0.31017366
sv07-068,0,0.30979377
svp-109,0,0.3088655
sv05-124,0,0.30733153
sv05-117,0,0.30715516
sv10.5w-095,0,0.3070456
sv03.5-084,0,0.3057783
sv02-258,0,0.3056713
sv05-071,0,0.3051985
sv07-081,0,0.3051118
sv02-232,0,0.30494702
sv07-007,0,0.3042347
swsh5-112,0,0.30283943
svp-041,1,0.3027655
sv05-009,0,0.3019561
sv03.5-108,0,0.3016535
sv10.5w-104,0,0.30163124
svp-195,0,0.30083334
sv03.5-179,0,0.3002819
sv07-027,0,0.30011135
sv10.5w-131,0,0.29777098
svp-081,0,0.29758495
sv05-183,0,0.2970173
svp-073,0,0.29574224
sv02-027,0,0.29547536
sv07-118,0,0.29502565
swsh5-13,0,0.29502445
sv07-070,0,0.29474664
svp-194,0,0.29456127
sv10.5w-057,0,0.29437357
swsh5-42,0,0.29333818
sv07-006,0,0.2929215
svp-048,0,0.2928582
sv03.5-077,0,0.2920349
swsh5-11,0,0.2920151
svp-141,0,0.2918835
swsh5-34,0,0.29146808
sv10.5w-007,0,0.2912225
sv05-068,0,0.2907956
sv10.5w-168,0,0.29009897
sv02-247,0,0.2897523
sv02-016,1,0.28944996
swsh5-164,0,0.28688532
swsh5-60,0,0.2866097
svp-059,0,0.28649133
svp-108,0,0.2862743
swsh5-76,1,0.28625014
sv02-159,0,0.2857753
sv02-093,0,0.28566387
sv02-070,0,0.28461444
sv07-112,0,0.28435275
sv03.5-011,0,0.2834831
sv05-128,1,0.2831306
sv10.5w-146,0,0.28288046
sv02-107,0,0.2820867
sv05-136,0,0.2818685
svp-012,0,0.28111184
svp-042,0,0.28078017
sv02-130,0,0.27920538
sv07-026,0,0.278285
sv02-085,0,0.27805853
sv03.5-085,0,0.27791357
sv07-019,0,0.27783677
sv02-202,0,0.27728826
svp-032,0,0.27726707
swsh5-2,0,0.2764277
svp-087,0,0.27608588
sv03.5-124,0,0.27567407
sv07-029,0,0.2754734
svp-050,0,0.27535647
svp-147,0,0.27516693
sv02-121,0,0.2742961
sv05-047,0,0.27424687
sv07-084,0,0.27388042
sv03.5-095,0,0.27361074
sv03.5-112,0,0.2733964
sv02-163,0,0.27140942
svp-095,0,0.2712239
svp-154,0,0.27081448
sv03.5-081,0,0.2707716
sv02-256,0,0.2705879
sv05-102,0,0.27022728
sv07-042,0,0.26880965
sv10.5w-121,0,0.26849538
svp-099,0,0.26832145
sv03.5-137,0,0.2682915
swsh5-154,0,0.26828444
svp-130,0,0.26689422
sv03.5-128,0,0.2658747
sv07-122,0,0.26510647
sv03.5-138,0,0.2650289
sv03.5-016,0,0.26430717
sv10.5w-135,0,0.26397303
sv10.5w-012,0,0.26303557
sv07-089,0,0.26275656
sv03.5-062,0,0.2626052
sv03.5-118,0,0.26101813
sv03.5-027,0,0.26088497
sv02-047,0,0.2605556
sv10.5w-142,0,0.25908253
sv02-078,0,0.2589096
sv07-085,0,0.25884858
sv07-072,0,0.2572346
sv10.5w-054,0,0.25717485
sv05-004,0,0.25698695
sv10.5w-027,0,0.2566776
sv02-011,0,0.25616068
swsh5-41,0,0.25609344
sv05-171,0,0.25584808
sv10.5w-173,0,0.25439548
sv07-062,0,0.25409654
sv10.5w-044,0,0.25385374
sv05-045,0,0.25381985
sv02-118,0,0.25349128
sv02-109,0,0.25307047
sv02-116,0,0.25259376
sv10.5w-005,0,0.2525822
svp-197,0,0.25228974
sv05-137,0,0.25162393
sv02-083,0,0.25120616
svp-112,0,0.2507719
sv03.5-142,0,0.25050595
sv03.5-061,0,0.25028875
sv05-130,1,0.25011182
sv03.5-080,0,0.24963433
sv10.5w-008,0,0.24936472
swsh5-145,0,0.2491184
sv10.5w-035,0,0.24867825
svp-136,0,0.24858603
sv03.5-184,0,0.24843255
sv07-120,0,0.24817157
sv03.5-075,0,0.2481513
sv10.5w-137,0,0.24743557
sv03.5-015,0,0.24737094
swsh5-8,0,0.24709731
sv02-133,0,0.24682221
sv07-013,0,0.24680853
sv07-101,0,0.24679072
sv05-042,0,0.24650319
sv02-072,0,0.24593158
swsh5-29,0,0.24486658
sv05-190,0,0.24438316
sv05-216,0,0.24427049
sv05-022,0,0.24412428
sv03.5-114,0,0.2439391
sv07-099,0,0.2437826
sv05-107,0,0.24336527
sv02-007,0,0.24319452
sv02-210,0,0.24296053
svp-185,0,0.24267581
swsh5-66,0,0.24158667
swsh5-148,0,0.24080496
sv03.5-030,0,0.24016203
sv03.5-083,0,0.2391413
sv07-005,0,0.23906001
sv07-049,0,0.23854697
sv10.5w-116,0,0.23847413
sv03.5-088,0,0.23815402
sv02-138,0,0.23814005
sv05-118,0,0.23787402
sv02-097,0,0.23766018
svp-170,0,0.23742567
sv07-097,0,0.2372252
sv05-166,0,0.2368149
sv07-149,0,0.23641221
sv03.5-036,0,0.23624691
svp-004,0,0.2360619
sv05-218,0,0.23588528
sv03.5-047,0,0.23570456
sv02-127,0,0.23551269
sv02-142,0,0.23530103
swsh5-33,0,0.23480386
sv02-057,0,0.234517
sv03.5-198,0,0.23451407
sv02-035,0,0.23450097
svp-010,0,0.23435618
sv02-162,0,0.23414451
sv02-039,0,0.23317109
swsh5-165,0,0.23234843
sv03.5-003,0,0.23196024
sv03.5-094,0,0.2315932
sv03.5-012,0,0.23151799
sv03.5-025,0,0.23059842
sv03.5-074,0,0.2302495
svp-003,0,0.23012541
sv02-114,0,0.23007861
svp-065,0,0.22997229
svp-096,0,0.22986539
sv07-075,0,0.22965972
sv03.5-140,0,0.2292889
sv02-062,0,0.2286877
sv03.5-182,0,0.22860925
sv02-056,0,0.2284025
sv02-069,0,0.22822826
sv03.5-004,0,0.22771384
sv10.5w-068,0,0.22724071
sv03.5-119,0,0.2269373
sv10.5w-160,0,0.22679125
sv10.5w-038,0,0.22593386
sv02-224,0,0.22572511
svp-025,0,0.22568221
svp-101,0,0.22541665
sv07-022,0,0.22536291
svp-022,1,0.22515875
sv05-108,0,0.22497721
sv05-030,0,0.22404344
swsh5-75,0,0.22375946
sv03.5-200,0,0.22324438
svp-002,0,0.22287112
swsh5-108,0,0.22264981
svp-193,0,0.2225657
svp-038,0,0.22240604
swsh5-27,0,0.22240168
sv05-063,0,0.22206014
sv07-044,0,0.22186676
svp-177,0,0.22173776
sv05-051,0,0.22169873
swsh5-35,0,0.22128163
sv02-243,0,0.2209975
svp-119,0,0.22082801
sv02-076,0,0.22074345
sv07-144,0,0.22069885
sv07-125,0,0.21873295
sv03.5-193,0,0.2177179
sv05-044,0,0.2175944
sv05-005,0,0.21652853
sv07-041,0,0.21639144
swsh5-18,0,0.21578096
sv05-090,0,0.21544771
swsh5-10,0,0.21448246
svp-187,0,0.2141594
svp-015,0,0.21276455
sv03.5-064,0,0.2124209
sv02-126,0,0.21209739
swsh5-94,0,0.21206737
sv03.5-032,0,0.21166903
sv03.5-066,0,0.21166794
sv05-072,0,0.21091667
sv07-060,0,0.21039659
sv10.5w-025,0,0.20992072
sv07-074,0,0.2098265
sv05-127,0,0.20930126
svp-157,0,0.20836383
svp-090,0,0.2078725
sv07-014,0,0.20713003
sv10.5w-125,0,0.20695353
svp-153,0,0.20684645
sv03.5-079,0,0.20664023
sv02-079,0,0.20623381
sv02-046,0,0.2056896
sv02-155,0,0.20567673
swsh5-79,0,0.20544966
swsh5-67,0,0.20538148
sv02-119,0,0.20534274
sv10.5w-162,0,0.20521724
sv03.5-151,0,0.20507686
swsh5-144,0,0.20506416
sv03.5-188,0,0.20475522
sv05-176,0,0.20459929
sv02-038,0,0.20454815
sv02-075,0,0.20452237
swsh5-57,1,0.20419405
sv05-013,0,0.20415638
swsh5-90,0,0.20370777
sv05-188,0,0.20360889
sv07-061,0,0.20352326
sv10.5w-046,0,0.20332882
sv03.5-002,0,0.20222619
sv10.5w-066,0,0.2013614
sv02-094,0,0.20109467
sv10.5w-076,0,0.20069563
swsh5-74,0,0.20064446
sv02-122,0,0.20053719
swsh5-157,0,0.2004824
svp-072,0,0.20040011
swsh5-78,0,0.20010535
sv02-090,0,0.19945206
sv07-100,0,0.19883484
sv10.5w-011,0,0.19790237
sv03.5-205,0,0.19774134
sv02-161,0,0.19749323
sv05-178,0,0.19714689
sv10.5w-039,0,0.19684388
svp-105,0,0.19679576
sv02-049,0,0.19632076
sv02-205,0,0.19620804
sv03.5-122,0,0.19594139
sv07-095,0,0.1953278
sv10.5w-023,0,0.19408278
sv02-060,0,0.19320859
sv03.5-026,0,0.1931817
svp-131,0,0.19287251
sv03.5-078,0,0.19263507
sv10.5w-037,0,0.19233063
sv02-139,0,0.19222805
sv10.5w-058,0,0.19139068
sv07-059,0,0.19104004
sv07-080,0,0.19100665
sv02-263,0,0.19056542
svp-180,0,0.1903035
sv07-168,0,0.19022986
swsh5-97,0,0.18949062
sv05-067,0,0.1892002
svp-134,0,0.18880586
svp-183,0,0.18814039
sv10.5w-128,0,0.1879108
sv05-097,0,0.18771985
sv10.5w-077,0,0.18770307
swsh5-45,0,0.1866731
svp-138,0,0.18627138
sv05-060,0,0.18621314
sv07-119,0,0.18611634
sv10.5w-053,0,0.18601206
sv02-031,0,0.18593629
sv03.5-109,0,0.18587193
sv03.5-147,0,0.1858276
sv03.5-007,0,0.18535633
sv07-121,0,0.18522638
svp-135,0,0.18473074
sv03.5-148,0,0.18442339
sv02-141,0,0.18438968
swsh5-166,0,0.18411773
sv05-065,0,0.18351936
swsh5-169,0,0.18302086
sv02-152,0,0.18283308
sv02-067,0,0.18275045
sv10.5w-151,0,0.1826502
sv07-092,0,0.18227692
sv02-222,0,0.18210691
sv02-024,0,0.18192574
sv10.5w-016,0,0.18170984
sv07-159,0,0.18094753
sv02-147,0,0.18062863
sv07-001,0,0.18054181
sv05-086,0,0.1804317
svp-028,0,0.17998403
sv02-233,0,0.1798103
sv10.5w-149,0,0.17964564
sv07-103,0,0.1796055
sv05-077,0,0.17944017
sv03.5-058,0,0.17928582
svp-179,0,0.17927666
sv07-123,0,0.1792283
svp-024,0,0.17877501
sv05-112,0,0.1787278
swsh5-120,0,0.1785784
swsh5-89,0,0.17853685
svp-162,0,0.17849672
sv05-096,0,0.17844564
sv02-096,0,0.17830256
sv02-019,0,0.17820756
svp-011,0,0.17815542
svp-089,0,0.17812787
sv03.5-033,0,0.1778534
sv07-069,0,0.1775558
sv07-082,0,0.17716058
sv02-005,0,0.1767504
sv05-110,0,0.1767371
sv05-131,0,0.17657918
sv03.5-041,0,0.1761331
sv03.5-131,0,0.17591505
sv10.5w-030,0,0.17569874
sv05-069,0,0.17549469
svp-160,0,0.17534345
svp-009,0,0.17506097
sv03.5-097,0,0.174989
sv03.5-100,0,0.17497319
swsh5-65,0,0.1749271
sv02-218,0,0.17398249
svp-033,0,0.17384398
sv02-081,0,0.17373233
sv10.5w-172,0,0.17359978
sv03.5-052,0,0.17357248
sv02-014,0,0.17295332
sv03.5-187,0,0.17291407
sv03.5-117,0,0.17230345
sv03.5-023,0,0.17221011
sv05-113,0,0.17159313
sv02-240,0,0.17126045
sv07-104,0,0.17116153
sv05-046,0,0.17066401
sv02-238,0,0.1705708
swsh5-83,0,0.17036085
sv03.5-129,0,0.16936573
sv02-091,0,0.16779986
sv10.5w-029,0,0.16775383
sv02-165,0,0.16712326
sv02-234,0,0.16664568
swsh5-171,0,0.16640271
sv10.5w-019,0,0.16624509
swsh5-77,0,0.16597715
sv10.5w-158,0,0.16595963
sv07-073,0,0.1652214
sv05-103,0,0.16399667
swsh5-170,0,0.16380595
sv07-076,0,0.16370882
sv03.5-009,0,0.16309254
swsh5-9,0,0.1630125
sv05-214,0,0.16299625
sv05-126,0,0.16287579
sv05-021,0,0.16278136
sv02-105,0,0.16250835
sv02-042,0,0.1621796
sv05-012,0,0.16209923
sv05-026,0,0.16176298
sv10.5w-132,0,0.16139229
sv05-115,0,0.16125663
sv03.5-067,0,0.16052301
sv05-094,0,0.1601081
sv07-156,0,0.15914425
sv02-108,0,0.15855765
svp-097,0,0.15845855
swsh5-39,0,0.1582916
sv05-087,0,0.15785572
swsh5-88,0,0.15771881
sv02-227,0,0.15766677
sv10.5w-071,0,0.15760955
swsh5-102,0,0.15747796
sv05-066,0,0.1574626
sv03.5-068,0,0.15716414
sv05-073,0,0.1564043
svp-066,0,0.15627827
sv02-102,0,0.15612455
sv05-105,0,0.15609232
sv02-012,0,0.15504539
swsh5-104,0,0.15500358
sv07-111,0,0.15477504
sv05-208,0,0.15475352
swsh5-5,0,0.15426894
sv05-024,0,0.15384741
svp-063,0,0.15380244
sv03.5-087,0,0.15361454
sv03.5-022,0,0.15297136
svp-139,0,0.1528242
sv10.5w-129,0,0.15280436
svp-006,0,0.15259607
sv02-001,0,0.15257718
sv05-053,0,0.15171967
sv10.5w-015,0,0.15146588
sv07-088,0,0.15113983
sv02-213,0,0.15111932
sv07-067,0,0.15109332
svp-094,0,0.15089755
sv10.5w-050,0,0.15076005
sv10.5w-167,0,0.1505981
sv03.5-144,0,0.15043168
sv02-089,0,0.15023348
svp-171,0,0.14999121
sv02-063,0,0.14944653
sv05-019,0,0.14929573
sv02-059,0,0.14899823
svp-148,0,0.14871858
swsh5-44,0,0.14834292
sv03.5-103,0,0.14833757
sv03.5-183,0,0.14791788
sv05-076,0,0.14788362
sv03.5-139,0,0.14774235
sv02-275,0,0.14769796
sv02-073,0,0.14758351
svp-128,0,0.14756171
sv10.5w-022,0,0.14749114
sv03.5-008,0,0.14711384
svp-163,0,0.14709058
sv07-162,0,0.14708132
svp-152,0,0.14649759
swsh5-147,0,0.14610316
sv07-057,0,0.14602983
swsh5-53,0,0.14596547
sv05-207,0,0.14567468
sv05-185,0,0.14556086
svp-165,0,0.14449899
sv10.5w-166,0,0.14407045
svp-188,0,0.14401239
sv03.5-189,0,0.14392316
svp-123,0,0.14295906
svp-149,0,0.14260389
sv10.5w-045,0,0.14242782
sv10.5w-145,0,0.14225985
sv03.5-018,0,0.14197403
sv05-025,0,0.14169902
swsh5-22,0,0.14153923
sv10.5w-049,0,0.14119287
sv10.5w-024,0,0.14087974
sv07-021,0,0.14083865
swsh5-118,0,0.14083019
sv10.5w-034,0,0.14052728
swsh5-107,0,0.14026946
sv10.5w-103,0,0.14016879
svp-047,0,0.1400686
swsh5-37,0,0.13880163
svp-144,0,0.13874103
sv05-093,0,0.13809867
svp-018,0,0.13809153
sv03.5-049,0,0.13800955
sv03.5-037,0,0.13798386
sv05-213,0,0.13795322
sv07-157,0,0.13784245
sv07-106,0,0.1373916
sv02-117,0,0.13727011
sv10.5w-130,0,0.13666697
svp-031,0,0.13660645
swsh5-152,0,0.13630642
sv07-037,0,0.13585533
sv05-001,0,0.13574532
svp-064,0,0.13562988
svp-100,0,0.1356027
swsh5-19,0,0.1353434
sv02-015,0,0.13522406
sv05-139,0,0.13454384
sv03.5-134,0,0.1343018
sv05-081,0,0.13159436
sv02-242,0,0.1315268
svp-052,0,0.13112307
sv07-036,0,0.13096234
sv10.5w-073,0,0.13080522
sv03.5-169,0,0.13080159
sv05-062,0,0.1294498
sv07-016,0,0.12938356
svp-082,0,0.12933838
sv02-194,0,0.12933683
svp-158,0,0.12923618
sv05-194,0,0.12905824
sv02-040,0,0.12904029
svp-054,0,0.12896934
sv05-099,0,0.12876704
sv03.5-149,0,0.12851709
swsh5-16,0,0.12849624
sv07-028,0,0.12830848
sv07-023,0,0.1276765
sv02-043,0,0.12763634
sv02-223,0,0.12763451
sv07-093,0,0.12757795
svp-057,0,0.1275348
sv05-074,0,0.12630798
sv07-051,0,0.12615962
svp-058,0,0.126057
sv05-101,0,0.12492265
svp-166,0,0.12389571
svp-133,0,0.12378336
swsh5-26,0,0.1235453
svp-181,0,0.12337094
sv02-104,0,0.12291197
sv02-274,0,0.12221183
sv05-043,0,0.12220328
svp-020,0,0.12209629
sv02-077,0,0.121950954
svp-184,0,0.121811144
sv05-041,0,0.12168214
sv02-215,0,0.12159841
sv03.5-076,0,0.12151918
sv05-040,0,0.12128713
svp-168,0,0.12126295
swsh5-179,0,0.12103848
sv02-051,0,0.12048902
sv10.5w-069,0,0.12018019
sv03.5-202,0,0.120087475
sv02-006,0,0.12002469
sv07-047,0,0.1198997
sv02-086,0,0.11979053
sv02-236,0,0.11954265
sv10.5w-017,0,0.119532876
sv02-245,0,0.11944749
sv02-033,0,0.1193389
sv07-128,0,0.119062886
sv10.5w-067,0,0.11859356
svp-071,0,0.11841193
sv07-173,0,0.11833239
sv02-271,0,0.1181546
sv02-154,0,0.11786311
sv02-132,0,0.11781954
sv05-023,0,0.11759241
sv05-057,0,0.117286146
swsh5-80,0,0.1172733
sv07-003,0,0.11726042
sv03.5-111,0,0.11713783
sv05-050,0,0.116980955
sv03.5-055,0,0.11675643
sv05-205,0,0.11603651
sv02-146,0,0.115524076
svp-206,0,0.11530347
svp-125,0,0.115273125
sv05-007,0,0.11494146
sv10.5w-161,0,0.11448881
svp-080,0,0.11447651
sv07-167,0,0.11419327
sv02-135,0,0.113760546
svp-076,0,0.11364943
sv03.5-073,0,0.11361126
svp-021,0,0.11314812
swsh5-15,0,0.11309318
svp-117,0,0.11271157
sv02-055,0,0.112290986
sv05-114,0,0.1122052
sv10.5w-009,0,0.112142056
swsh5-6,0,0.11195421
swsh5-110,0,0.111939356
svp-077,0,0.111871205
sv03.5-082,0,0.111867726
sv02-087,0,0.11184815
sv03.5-125,0,0.111560464
svp-103,0,0.11153652
swsh5-99,0,0.11152103
sv10.5w-032,0,0.111186914
sv05-061,0,0.1109513
sv05-029,0,0.11081994
sv02-200,0,0.11028623
sv07-086,0,0.110218264
sv10.5w-123,0,0.1094096
sv02-170,0,0.10938669
sv05-028,0,0.10905587
svp-060,0,0.10866229
sv03.5-038,0,0.10851857
swsh5-50,0,0.1081456
sv10.5w-115,0,0.10792105
swsh5-87,0,0.10791607
sv02-217,0,0.10729839
sv02-101,0,0.107253045
svp-056,0,0.10709471
sv07-032,0,0.107060835
sv05-031,0,0.1066634
sv05-017,0,0.10646305
sv02-231,0,0.10638656
sv02-030,0,0.105920106
sv03.5-130,0,0.10588968
sv03.5-042,0,0.105116636
sv03.5-185,0,0.10498894
swsh5-150,0,0.104852736
sv07-046,0,0.104727246
svp-172,0,0.10449017
sv05-095,0,0.10441835
sv05-187,0,0.103897296
sv02-272,0,0.10364784
sv05-121,0,0.10222748
sv03.5-105,0,0.101723984
sv07-161,0,0.10163559
sv02-018,0,0.101523615
svp-142,0,0.10124934
sv05-215,0,0.100783855
sv03.5-065,0,0.10007006
sv05-191,0,0.09999688
sv07-040,0,0.09915614
sv05-163,0,0.09866903
sv03.5-146,0,0.098602615
swsh5-20,0,0.09850738
sv03.5-090,0,0.098396726
sv05-134,0,0.09829533
sv10.5w-020,0,0.098087616
sv03.5-106,0,0.09804495
sv07-030,0,0.09749894
sv05-049,0,0.097480915
swsh5-40,0,0.097472735
sv05-056,0,0.09734941
swsh5-151,0,0.09708281
sv10.5w-055,0,0.09698285
sv10.5w-013,0,0.096935555
sv05-079,0,0.09651529
sv02-134,0,0.096325584
sv07-151,0,0.096323654
svp-013,0,0.09629887
svp-182,0,0.09624669
sv02-103,0,0.09623018
sv05-186,0,0.09616706
svp-049,0,0.095506415
sv05-088,0,0.09532068
sv02-140,0,0.09516246
swsh5-21,0,0.09439734
sv02-050,0,0.0943073
sv03.5-192,0,0.094175786
svp-098,0,0.0939079
sv03.5-028,0,0.093869895
sv03.5-199,0,0.09364945
svp-104,0,0.09353309
svp-030,0,0.09351516
sv02-080,0,0.09350099
swsh5-47,0,0.09345071
sv02-036,0,0.09289617
sv05-119,0,0.09269036
svp-129,0,0.09240592
sv05-038,0,0.09214373
sv10.5w-064,0,0.091751814
sv07-090,0,0.09129994
svp-029,0,0.09099852
swsh5-84,0,0.09093599
svp-121,0,0.09080339
svp-120,0,0.09074352
svp-083,0,0.09030276
sv02-048,0,0.09029956
swsh5-48,0,0.09010229
sv07-038,0,0.09008955
sv10.5w-040,0,0.09007697
sv02-061,0,0.08999075
sv02-137,0,0.08963011
sv05-203,0,0.089465715
svp-127,0,0.08944206
sv03.5-150,0,0.08867954
svp-151,0,0.08854514
swsh5-51,0,0.087990366
sv02-092,0,0.0876725
sv10.5w-169,0,0.08763023
svp-132,0,0.08722808
sv10.5w-047,0,0.08680405
sv02-123,0,0.08675247
sv10.5w-061,0,0.086516455
svp-198,0,0.08642278
sv10.5w-042,0,0.08638509
swsh5-86,0,0.08608668
swsh5-146,0,0.08595832
sv10.5w-159,0,0.0855517
svp-145,0,0.08539734
sv10.5w-018,0,0.08528154
sv02-115,0,0.08512043
sv05-027,0,0.08480183
sv02-064,0,0.08466203
sv02-164,0,0.08459382
sv03.5-121,0,0.08393809
sv10.5w-048,0,0.08387778
svp-034,0,0.08357244
svp-007,0,0.083160505
svp-035,0,0.083024
sv02-029,0,0.08213932
sv05-052,1,0.0820782
swsh5-93,0,0.0820022
sv10.5w-098,0,0.08158762
sv03.5-145,0,0.08143879
sv03.5-141,0,0.08121762
svp-086,0,0.080541424
sv05-104,0,0.08051993
sv03.5-034,0,0.080381766
sv05-189,0,0.08036461
swsh5-85,0,0.08016473
sv05-217,0,0.08012914
svp-110,0,0.08002429
sv05-033,0,0.079696074
sv02-071,0,0.079522185
sv10.5w-043,0,0.079488166
sv05-106,0,0.07864794
sv05-080,0,0.07855206
swsh5-25,0,0.07809835
swsh5-58,0,0.0780956
sv05-035,0,0.077009186
sv05-193,0,0.07674106
svp-116,0,0.0766688
sv03.5-089,0,0.07640689
svp-091,0,0.076293886
swsh5-72,0,0.07613124
svp-164,0,0.0759082
sv03.5-107,0,0.07540189
sv02-143,0,0.07508355
sv02-099,0,0.07478065
swsh5-91,0,0.07402004
sv07-096,0,0.07394298
swsh5-63,0,0.0736578
svp-167,0,0.07344652
sv05-092,0,0.07308154
swsh5-61,0,0.073044136
svp-126,0,0.0729914
sv05-054,0,0.072830886
sv05-098,0,0.0721783
sv07-115,0,0.07181537
sv03.5-093,0,0.071630634
swsh5-103,0,0.07161424
sv03.5-110,0,0.07126818
swsh5-153,0,0.07120525
sv02-246,0,0.071133696
svp-074,0,0.07045644
sv07-158,0,0.070323795
sv02-235,0,0.07025925
sv05-206,0,0.069956966
sv10.5w-051,0,0.06966464
svp-178,0,0.06911109
sv02-082,0,0.06883277
svp-113,0,0.06739488
sv03.5-059,0,0.06726205
swsh5-168,0,0.0671876
sv07-050,0,0.06681643
sv02-041,0,0.06663986
sv10.5w-014,0,0.06657888
swsh5-142,0,0.06611116
sv05-123,0,0.065947354
sv02-052,0,0.065643094
sv05-122,0,0.06562968
sv02-273,0,0.06552446
sv07-071,0,0.06481628
sv03.5-126,0,0.064640574
sv03.5-031,0,0.06455558
swsh5-96,0,0.06426003
sv07-020,0,0.064016916
sv02-037,0,0.062062312
svp-017,0,0.060877528
sv02-088,0,0.060716134
svp-036,0,0.06049621
sv05-078,0,0.059846696
sv02-241,0,0.058648575
sv03.5-024,0,0.058625083
sv07-055,0,0.05814263
sv02-259,0,0.057917047
sv05-120,0,0.057173584
sv02-212,0,0.056927472
sv02-136,0,0.05686918
svp-146,0,0.056626983
sv05-111,0,0.056555983
swsh5-149,0,0.055822164
svp-067,0,0.05576957
svp-169,0,0.05513833
swsh5-100,0,0.054848112
svp-005,0,0.054821197
sv03.5-005,0,0.054431114
svp-078,0,0.05431204
svp-140,0,0.054134604
svp-068,0,0.053703032
sv03.5-135,0,0.053150255
sv03.5-091,0,0.052986365
svp-092,0,0.052941844
sv10.5w-062,0,0.05117563
sv05-037,0,0.049925435
sv07-107,0,0.049847156
sv02-148,0,0.049827557
svp-008,0,0.048560336
sv02-261,0,0.047902476
sv07-025,0,0.04763213
sv07-024,0,0.047617856
sv03.5-006,0,0.047425117
sv07-053,0,0.047202256
sv10.5w-107,0,0.04645011
sv02-032,0,0.04629507
sv05-135,0,0.04512802
sv05-192,0,0.04484632
sv05-034,0,0.044568148
sv05-032,0,0.04454326
sv02-131,0,0.043470774
swsh5-109,0,0.043461088
sv05-195,0,0.042635832
sv02-260,0,0.04261545
sv02-028,0,0.042380664
swsh5-28,0,0.042318717
sv05-109,0,0.041425053
sv02-153,0,0.039634537
svp-161,0,0.0384315
svp-084,0,0.038398065
swsh5-156,0,0.037889022
sv10.5w-056,0,0.037693035
sv02-021,0,0.035359707
swsh5-30,0,0.033240076
sv10.5w-143,0,0.03137208
sv03.5-136,0,0.024863789
sv02-098,0,0.0146512855
